[{"model": "admin.logentry", "pk": 1, "fields": {"action_time": "2021-11-05T06:17:30.792Z", "user": 1, "content_type": null, "object_id": "3", "object_repr": "escrooge", "action_flag": 1, "change_message": "[{\"added\": {}}]"}}, {"model": "admin.logentry", "pk": 2, "fields": {"action_time": "2021-11-05T06:18:05.189Z", "user": 1, "content_type": null, "object_id": "3", "object_repr": "escrooge", "action_flag": 2, "change_message": "[]"}}, {"model": "admin.logentry", "pk": 3, "fields": {"action_time": "2021-11-05T06:18:26.780Z", "user": 1, "content_type": null, "object_id": "4", "object_repr": "todinson", "action_flag": 1, "change_message": "[{\"added\": {}}]"}}, {"model": "admin.logentry", "pk": 4, "fields": {"action_time": "2021-11-05T06:18:42.108Z", "user": 1, "content_type": null, "object_id": "5", "object_repr": "bwidow", "action_flag": 1, "change_message": "[{\"added\": {}}]"}}, {"model": "admin.logentry", "pk": 5, "fields": {"action_time": "2021-11-05T06:19:24.983Z", "user": 1, "content_type": null, "object_id": "6", "object_repr": "bgates", "action_flag": 1, "change_message": "[{\"added\": {}}]"}}, {"model": "admin.logentry", "pk": 6, "fields": {"action_time": "2021-11-05T06:19:34.992Z", "user": 1, "content_type": null, "object_id": "7", "object_repr": "jbezos", "action_flag": 1, "change_message": "[{\"added\": {}}]"}}, {"model": "admin.logentry", "pk": 7, "fields": {"action_time": "2021-11-05T06:20:12.658Z", "user": 1, "content_type": null, "object_id": "1", "object_repr": "Bill Gates", "action_flag": 1, "change_message": "[{\"added\": {}}]"}}, {"model": "admin.logentry", "pk": 8, "fields": {"action_time": "2021-11-05T06:20:41.498Z", "user": 1, "content_type": null, "object_id": "2", "object_repr": "Jeff Bezos", "action_flag": 1, "change_message": "[{\"added\": {}}]"}}, {"model": "admin.logentry", "pk": 9, "fields": {"action_time": "2021-11-06T00:22:21.491Z", "user": 1, "content_type": null, "object_id": "8", "object_repr": "jtest", "action_flag": 1, "change_message": "[{\"added\": {}}]"}}, {"model": "admin.logentry", "pk": 10, "fields": {"action_time": "2021-11-06T00:29:24.625Z", "user": 1, "content_type": null, "object_id": "1", "object_repr": "todinson", "action_flag": 1, "change_message": "[{\"added\": {}}]"}}, {"model": "admin.logentry", "pk": 11, "fields": {"action_time": "2021-11-06T00:29:39.954Z", "user": 1, "content_type": null, "object_id": "1", "object_repr": "jtest", "action_flag": 1, "change_message": "[{\"added\": {}}]"}}, {"model": "admin.logentry", "pk": 12, "fields": {"action_time": "2021-11-06T00:30:09.270Z", "user": 1, "content_type": null, "object_id": "1", "object_repr": "Test object (1)", "action_flag": 1, "change_message": "[{\"added\": {}}]"}}, {"model": "admin.logentry", "pk": 13, "fields": {"action_time": "2021-11-06T00:30:33.918Z", "user": 1, "content_type": null, "object_id": "2", "object_repr": "Test object (2)", "action_flag": 1, "change_message": "[{\"added\": {}}]"}}, {"model": "admin.logentry", "pk": 14, "fields": {"action_time": "2021-11-06T00:32:52.071Z", "user": 1, "content_type": null, "object_id": "1", "object_repr": "Sample object (1)", "action_flag": 1, "change_message": "[{\"added\": {}}]"}}, {"model": "admin.logentry", "pk": 15, "fields": {"action_time": "2021-11-06T00:33:11.660Z", "user": 1, "content_type": null, "object_id": "1", "object_repr": "Kelowna", "action_flag": 1, "change_message": "[{\"added\": {}}]"}}, {"model": "admin.logentry", "pk": 16, "fields": {"action_time": "2021-11-06T00:33:17.509Z", "user": 1, "content_type": null, "object_id": "2", "object_repr": "Vancouver", "action_flag": 1, "change_message": "[{\"added\": {}}]"}}, {"model": "admin.logentry", "pk": 17, "fields": {"action_time": "2021-11-06T00:33:20.403Z", "user": 1, "content_type": null, "object_id": "1", "object_repr": "LabSample object (1)", "action_flag": 1, "change_message": "[{\"added\": {}}]"}}, {"model": "admin.logentry", "pk": 18, "fields": {"action_time": "2021-11-06T00:37:27.717Z", "user": 1, "content_type": null, "object_id": "2", "object_repr": "Vancouver", "action_flag": 2, "change_message": "[{\"changed\": {\"fields\": [\"Code\"]}}]"}}, {"model": "admin.logentry", "pk": 19, "fields": {"action_time": "2021-11-06T00:37:41.711Z", "user": 1, "content_type": null, "object_id": "1", "object_repr": "Kelowna", "action_flag": 2, "change_message": "[{\"changed\": {\"fields\": [\"Code\"]}}]"}}, {"model": "admin.logentry", "pk": 20, "fields": {"action_time": "2021-11-06T00:38:17.669Z", "user": 1, "content_type": null, "object_id": "1", "object_repr": "Microscope", "action_flag": 1, "change_message": "[{\"added\": {}}]"}}, {"model": "admin.logentry", "pk": 21, "fields": {"action_time": "2021-11-06T00:38:21.222Z", "user": 1, "content_type": null, "object_id": "2", "object_repr": "Centrifuge", "action_flag": 1, "change_message": "[{\"added\": {}}]"}}, {"model": "admin.logentry", "pk": 22, "fields": {"action_time": "2021-11-06T00:38:24.821Z", "user": 1, "content_type": null, "object_id": "3", "object_repr": "PCR Machine", "action_flag": 1, "change_message": "[{\"added\": {}}]"}}, {"model": "admin.logentry", "pk": 23, "fields": {"action_time": "2021-11-06T00:39:52.730Z", "user": 1, "content_type": null, "object_id": "1", "object_repr": "InventoryItem object (1)", "action_flag": 1, "change_message": "[{\"added\": {}}]"}}, {"model": "admin.logentry", "pk": 24, "fields": {"action_time": "2021-11-06T00:40:20.009Z", "user": 1, "content_type": null, "object_id": "1", "object_repr": "Order object (1)", "action_flag": 1, "change_message": "[{\"added\": {}}]"}}, {"model": "admin.logentry", "pk": 25, "fields": {"action_time": "2021-11-06T00:41:36.618Z", "user": 1, "content_type": null, "object_id": "1", "object_repr": "Vials", "action_flag": 2, "change_message": "[{\"changed\": {\"fields\": [\"Status\"]}}]"}}, {"model": "admin.logentry", "pk": 26, "fields": {"action_time": "2021-11-06T00:43:00.495Z", "user": 1, "content_type": null, "object_id": "1", "object_repr": "Soil", "action_flag": 2, "change_message": "[]"}}, {"model": "admin.logentry", "pk": 27, "fields": {"action_time": "2021-11-06T00:43:27.801Z", "user": 1, "content_type": null, "object_id": "1", "object_repr": "Okanagan Farms Soil", "action_flag": 2, "change_message": "[{\"changed\": {\"fields\": [\"Sample type\"]}}]"}}, {"model": "admin.logentry", "pk": 28, "fields": {"action_time": "2021-11-06T00:43:40.062Z", "user": 1, "content_type": null, "object_id": "1", "object_repr": "TestInstrument object (1)", "action_flag": 1, "change_message": "[{\"added\": {}}]"}}, {"model": "admin.logentry", "pk": 29, "fields": {"action_time": "2021-11-06T00:44:20.619Z", "user": 1, "content_type": null, "object_id": "1", "object_repr": "Microscope", "action_flag": 2, "change_message": "[]"}}, {"model": "admin.logentry", "pk": 30, "fields": {"action_time": "2021-11-06T00:44:41.689Z", "user": 1, "content_type": null, "object_id": "1", "object_repr": "TestSample object (1)", "action_flag": 1, "change_message": "[{\"added\": {}}]"}}, {"model": "admin.logentry", "pk": 31, "fields": {"action_time": "2021-11-06T00:48:51.396Z", "user": 1, "content_type": null, "object_id": "1", "object_repr": "Received", "action_flag": 2, "change_message": "[{\"changed\": {\"fields\": [\"Status\"]}}]"}}, {"model": "admin.logentry", "pk": 32, "fields": {"action_time": "2021-11-06T00:49:33.271Z", "user": 1, "content_type": null, "object_id": "1", "object_repr": "TestResult object (1)", "action_flag": 1, "change_message": "[{\"added\": {}}]"}}, {"model": "admin.logentry", "pk": 33, "fields": {"action_time": "2021-11-06T00:54:08.716Z", "user": 1, "content_type": null, "object_id": "1", "object_repr": "Package object (1)", "action_flag": 1, "change_message": "[{\"added\": {}}]"}}, {"model": "admin.logentry", "pk": 34, "fields": {"action_time": "2021-11-06T00:54:38.286Z", "user": 1, "content_type": null, "object_id": "1", "object_repr": "TestPackage object (1)", "action_flag": 1, "change_message": "[{\"added\": {}}]"}}, {"model": "admin.logentry", "pk": 35, "fields": {"action_time": "2021-11-12T22:51:15.883Z", "user": 1, "content_type": null, "object_id": "6", "object_repr": "bgates", "action_flag": 2, "change_message": "[{\"changed\": {\"fields\": [\"First name\", \"Last name\", \"Email address\"]}}]"}}, {"model": "admin.logentry", "pk": 36, "fields": {"action_time": "2021-11-12T22:52:42.385Z", "user": 1, "content_type": null, "object_id": "5", "object_repr": "bwidow", "action_flag": 2, "change_message": "[{\"changed\": {\"fields\": [\"First name\", \"Last name\", \"Email address\"]}}]"}}, {"model": "admin.logentry", "pk": 37, "fields": {"action_time": "2021-11-12T22:53:38.264Z", "user": 1, "content_type": null, "object_id": "3", "object_repr": "escrooge", "action_flag": 2, "change_message": "[{\"changed\": {\"fields\": [\"First name\", \"Last name\", \"Email address\"]}}]"}}, {"model": "admin.logentry", "pk": 38, "fields": {"action_time": "2021-11-12T22:53:59.565Z", "user": 1, "content_type": null, "object_id": "7", "object_repr": "jbezos", "action_flag": 2, "change_message": "[{\"changed\": {\"fields\": [\"First name\", \"Last name\", \"Email address\"]}}]"}}, {"model": "admin.logentry", "pk": 39, "fields": {"action_time": "2021-11-12T22:54:48.287Z", "user": 1, "content_type": null, "object_id": "8", "object_repr": "jtest", "action_flag": 2, "change_message": "[{\"changed\": {\"fields\": [\"First name\", \"Last name\", \"Email address\"]}}]"}}, {"model": "admin.logentry", "pk": 40, "fields": {"action_time": "2021-11-12T22:55:07.061Z", "user": 1, "content_type": null, "object_id": "1", "object_repr": "root", "action_flag": 2, "change_message": "[{\"changed\": {\"fields\": [\"First name\", \"Last name\", \"Email address\"]}}]"}}, {"model": "admin.logentry", "pk": 41, "fields": {"action_time": "2021-11-12T22:56:55.092Z", "user": 1, "content_type": null, "object_id": "4", "object_repr": "todinson", "action_flag": 2, "change_message": "[{\"changed\": {\"fields\": [\"First name\", \"Last name\", \"Email address\"]}}]"}}, {"model": "admin.logentry", "pk": 42, "fields": {"action_time": "2021-11-12T22:57:13.680Z", "user": 1, "content_type": null, "object_id": "2", "object_repr": "Jeff Bezos", "action_flag": 2, "change_message": "[]"}}, {"model": "admin.logentry", "pk": 43, "fields": {"action_time": "2021-11-12T22:57:21.983Z", "user": 1, "content_type": null, "object_id": "1", "object_repr": "Bill Gates", "action_flag": 2, "change_message": "[]"}}, {"model": "admin.logentry", "pk": 44, "fields": {"action_time": "2021-11-12T22:59:16.595Z", "user": 1, "content_type": null, "object_id": "3", "object_repr": "Scrooge McDuck", "action_flag": 1, "change_message": "[{\"added\": {}}]"}}, {"model": "admin.logentry", "pk": 45, "fields": {"action_time": "2021-11-12T22:59:59.202Z", "user": 1, "content_type": null, "object_id": "2", "object_repr": "bwidow", "action_flag": 1, "change_message": "[{\"added\": {}}]"}}, {"model": "admin.logentry", "pk": 46, "fields": {"action_time": "2021-11-12T23:01:18.213Z", "user": 1, "content_type": null, "object_id": "9", "object_repr": "vfrank", "action_flag": 1, "change_message": "[{\"added\": {}}]"}}, {"model": "admin.logentry", "pk": 47, "fields": {"action_time": "2021-11-12T23:02:31.288Z", "user": 1, "content_type": null, "object_id": "9", "object_repr": "vfrank", "action_flag": 2, "change_message": "[{\"changed\": {\"fields\": [\"First name\", \"Last name\", \"Email address\"]}}]"}}, {"model": "admin.logentry", "pk": 48, "fields": {"action_time": "2021-11-12T23:02:55.665Z", "user": 1, "content_type": null, "object_id": "2", "object_repr": "vfrank", "action_flag": 1, "change_message": "[{\"added\": {}}]"}}, {"model": "admin.logentry", "pk": 49, "fields": {"action_time": "2021-11-12T23:05:05.325Z", "user": 1, "content_type": null, "object_id": "10", "object_repr": "drjekyll", "action_flag": 1, "change_message": "[{\"added\": {}}]"}}, {"model": "admin.logentry", "pk": 50, "fields": {"action_time": "2021-11-12T23:05:49.272Z", "user": 1, "content_type": null, "object_id": "10", "object_repr": "drjekyll", "action_flag": 2, "change_message": "[{\"changed\": {\"fields\": [\"First name\", \"Last name\", \"Email address\"]}}]"}}, {"model": "admin.logentry", "pk": 51, "fields": {"action_time": "2021-11-12T23:06:13.844Z", "user": 1, "content_type": null, "object_id": "3", "object_repr": "drjekyll", "action_flag": 1, "change_message": "[{\"added\": {}}]"}}, {"model": "admin.logentry", "pk": 52, "fields": {"action_time": "2021-11-12T23:08:35.019Z", "user": 1, "content_type": null, "object_id": "11", "object_repr": "thebrain", "action_flag": 1, "change_message": "[{\"added\": {}}]"}}, {"model": "admin.logentry", "pk": 53, "fields": {"action_time": "2021-11-12T23:08:54.007Z", "user": 1, "content_type": null, "object_id": "11", "object_repr": "thebrain", "action_flag": 2, "change_message": "[{\"changed\": {\"fields\": [\"First name\", \"Last name\", \"Email address\"]}}]"}}, {"model": "admin.logentry", "pk": 54, "fields": {"action_time": "2021-11-12T23:10:02.905Z", "user": 1, "content_type": null, "object_id": "4", "object_repr": "The Brain", "action_flag": 1, "change_message": "[{\"added\": {}}]"}}, {"model": "admin.logentry", "pk": 55, "fields": {"action_time": "2021-11-12T23:12:20.457Z", "user": 1, "content_type": null, "object_id": "2", "object_repr": "Analytical Lab", "action_flag": 2, "change_message": "[{\"changed\": {\"fields\": [\"Name\", \"Code\"]}}]"}}, {"model": "admin.logentry", "pk": 56, "fields": {"action_time": "2021-11-12T23:12:33.657Z", "user": 1, "content_type": null, "object_id": "1", "object_repr": "Microbiology Lab", "action_flag": 2, "change_message": "[{\"changed\": {\"fields\": [\"Name\", \"Code\"]}}]"}}, {"model": "admin.logentry", "pk": 57, "fields": {"action_time": "2021-11-12T23:13:14.029Z", "user": 1, "content_type": null, "object_id": "1", "object_repr": "Dairy", "action_flag": 2, "change_message": "[{\"changed\": {\"fields\": [\"Sample type\", \"Sample form\", \"Sop number\"]}}]"}}, {"model": "admin.logentry", "pk": 58, "fields": {"action_time": "2021-11-12T23:13:42.626Z", "user": 1, "content_type": null, "object_id": "2", "object_repr": "Cosmetics", "action_flag": 1, "change_message": "[{\"added\": {}}]"}}, {"model": "admin.logentry", "pk": 59, "fields": {"action_time": "2021-11-12T23:14:06.959Z", "user": 1, "content_type": null, "object_id": "3", "object_repr": "Environmental", "action_flag": 1, "change_message": "[{\"added\": {}}]"}}, {"model": "admin.logentry", "pk": 60, "fields": {"action_time": "2021-11-12T23:14:25.246Z", "user": 1, "content_type": null, "object_id": "1", "object_repr": "Dairy", "action_flag": 2, "change_message": "[]"}}, {"model": "admin.logentry", "pk": 61, "fields": {"action_time": "2021-11-12T23:14:36.335Z", "user": 1, "content_type": null, "object_id": "2", "object_repr": "Cosmetics", "action_flag": 1, "change_message": "[{\"added\": {}}]"}}, {"model": "admin.logentry", "pk": 62, "fields": {"action_time": "2021-11-12T23:14:40.147Z", "user": 1, "content_type": null, "object_id": "1", "object_repr": "Dairy", "action_flag": 2, "change_message": "[]"}}, {"model": "admin.logentry", "pk": 63, "fields": {"action_time": "2021-11-12T23:14:42.401Z", "user": 1, "content_type": null, "object_id": "2", "object_repr": "Cosmetics", "action_flag": 2, "change_message": "[]"}}, {"model": "admin.logentry", "pk": 64, "fields": {"action_time": "2021-11-12T23:14:59.366Z", "user": 1, "content_type": null, "object_id": "1", "object_repr": "Soil Quality Test on Dairy", "action_flag": 2, "change_message": "[]"}}, {"model": "admin.logentry", "pk": 65, "fields": {"action_time": "2021-11-12T23:15:25.213Z", "user": 1, "content_type": null, "object_id": "1", "object_repr": "Received", "action_flag": 2, "change_message": "[]"}}, {"model": "admin.logentry", "pk": 66, "fields": {"action_time": "2021-11-12T23:16:25.041Z", "user": 1, "content_type": null, "object_id": "2", "object_repr": "shipping", "action_flag": 1, "change_message": "[{\"added\": {}}]"}}, {"model": "admin.logentry", "pk": 67, "fields": {"action_time": "2021-11-12T23:17:45.931Z", "user": 1, "content_type": null, "object_id": "3", "object_repr": "Iron Level Test", "action_flag": 1, "change_message": "[{\"added\": {}}]"}}, {"model": "admin.logentry", "pk": 68, "fields": {"action_time": "2021-11-12T23:18:08.068Z", "user": 1, "content_type": null, "object_id": "4", "object_repr": "Blood Type", "action_flag": 1, "change_message": "[{\"added\": {}}]"}}, {"model": "admin.logentry", "pk": 69, "fields": {"action_time": "2021-11-12T23:18:45.668Z", "user": 1, "content_type": null, "object_id": "5", "object_repr": "Thyroid Panel", "action_flag": 1, "change_message": "[{\"added\": {}}]"}}, {"model": "admin.logentry", "pk": 70, "fields": {"action_time": "2021-11-12T23:18:58.393Z", "user": 1, "content_type": null, "object_id": "2", "object_repr": "Package: Blood Work Up", "action_flag": 1, "change_message": "[{\"added\": {}}]"}}, {"model": "admin.logentry", "pk": 71, "fields": {"action_time": "2021-11-12T23:19:14.071Z", "user": 1, "content_type": null, "object_id": "2", "object_repr": "Blood Work Up - Blood Type", "action_flag": 1, "change_message": "[{\"added\": {}}]"}}, {"model": "admin.logentry", "pk": 72, "fields": {"action_time": "2021-11-12T23:19:20.373Z", "user": 1, "content_type": null, "object_id": "3", "object_repr": "Blood Work Up - Iron Level Test", "action_flag": 1, "change_message": "[{\"added\": {}}]"}}, {"model": "admin.logentry", "pk": 73, "fields": {"action_time": "2021-11-12T23:19:27.732Z", "user": 1, "content_type": null, "object_id": "4", "object_repr": "Blood Work Up - Thyroid Panel", "action_flag": 1, "change_message": "[{\"added\": {}}]"}}, {"model": "admin.logentry", "pk": 74, "fields": {"action_time": "2021-11-12T23:19:58.528Z", "user": 1, "content_type": null, "object_id": "1", "object_repr": "OrderTest object (1)", "action_flag": 1, "change_message": "[{\"added\": {}}]"}}, {"model": "admin.logentry", "pk": 75, "fields": {"action_time": "2021-11-12T23:20:12.286Z", "user": 1, "content_type": null, "object_id": "2", "object_repr": "Order: Animaniacs", "action_flag": 1, "change_message": "[{\"added\": {}}]"}}, {"model": "admin.logentry", "pk": 76, "fields": {"action_time": "2021-11-12T23:20:24.696Z", "user": 1, "content_type": null, "object_id": "2", "object_repr": "OrderTest object (2)", "action_flag": 1, "change_message": "[{\"added\": {}}]"}}, {"model": "admin.logentry", "pk": 77, "fields": {"action_time": "2021-11-12T23:20:32.894Z", "user": 1, "content_type": null, "object_id": "3", "object_repr": "OrderTest object (3)", "action_flag": 1, "change_message": "[{\"added\": {}}]"}}, {"model": "admin.logentry", "pk": 78, "fields": {"action_time": "2021-11-12T23:20:57.935Z", "user": 1, "content_type": null, "object_id": "4", "object_repr": "Blood", "action_flag": 1, "change_message": "[{\"added\": {}}]"}}, {"model": "admin.logentry", "pk": 79, "fields": {"action_time": "2021-11-12T23:21:07.279Z", "user": 1, "content_type": null, "object_id": "1", "object_repr": "OrderSample object (1)", "action_flag": 1, "change_message": "[{\"added\": {}}]"}}, {"model": "admin.logentry", "pk": 80, "fields": {"action_time": "2021-11-12T23:25:39.504Z", "user": 1, "content_type": null, "object_id": "2", "object_repr": "Cotton Swabs", "action_flag": 2, "change_message": "[]"}}, {"model": "admin.logentry", "pk": 81, "fields": {"action_time": "2021-11-12T23:25:44.082Z", "user": 1, "content_type": null, "object_id": "1", "object_repr": "Cotton Swabs", "action_flag": 2, "change_message": "[]"}}, {"model": "admin.logentry", "pk": 82, "fields": {"action_time": "2021-11-12T23:25:51.436Z", "user": 1, "content_type": null, "object_id": "1", "object_repr": "Test Tubes", "action_flag": 2, "change_message": "[{\"changed\": {\"fields\": [\"Type\"]}}]"}}, {"model": "admin.logentry", "pk": 83, "fields": {"action_time": "2021-11-22T05:06:06.924Z", "user": 1, "content_type": null, "object_id": "3", "object_repr": "Order: Animaniacs", "action_flag": 1, "change_message": "[{\"added\": {}}]"}}, {"model": "admin.logentry", "pk": 84, "fields": {"action_time": "2021-11-22T05:06:24.569Z", "user": 1, "content_type": null, "object_id": "3", "object_repr": "OrderTest object (3)", "action_flag": 2, "change_message": "[{\"changed\": {\"fields\": [\"Test id\"]}}]"}}, {"model": "admin.logentry", "pk": 85, "fields": {"action_time": "2021-11-22T05:06:41.851Z", "user": 1, "content_type": null, "object_id": "2", "object_repr": "OrderSample object (2)", "action_flag": 1, "change_message": "[{\"added\": {}}]"}}, {"model": "admin.logentry", "pk": 86, "fields": {"action_time": "2021-11-22T05:07:11.059Z", "user": 1, "content_type": null, "object_id": "5", "object_repr": "Blood", "action_flag": 1, "change_message": "[{\"added\": {}}]"}}, {"model": "admin.logentry", "pk": 87, "fields": {"action_time": "2021-11-22T05:07:30.370Z", "user": 1, "content_type": null, "object_id": "3", "object_repr": "Blood", "action_flag": 1, "change_message": "[{\"added\": {}}]"}}, {"model": "admin.logentry", "pk": 88, "fields": {"action_time": "2021-11-22T05:07:38.822Z", "user": 1, "content_type": null, "object_id": "2", "object_repr": "Blood Type on Blood", "action_flag": 1, "change_message": "[{\"added\": {}}]"}}, {"model": "admin.logentry", "pk": 89, "fields": {"action_time": "2021-11-22T05:08:00.546Z", "user": 1, "content_type": null, "object_id": "2", "object_repr": "Blood Type", "action_flag": 1, "change_message": "[{\"added\": {}}]"}}, {"model": "admin.logentry", "pk": 90, "fields": {"action_time": "2021-11-22T05:50:38.691Z", "user": 1, "content_type": null, "object_id": "3", "object_repr": "Order: Animaniacs", "action_flag": 2, "change_message": "[]"}}, {"model": "admin.logentry", "pk": 91, "fields": {"action_time": "2021-11-22T05:56:56.087Z", "user": 1, "content_type": null, "object_id": "3", "object_repr": "Scrooge McDuck", "action_flag": 2, "change_message": "[{\"changed\": {\"fields\": [\"Account number\"]}}]"}}, {"model": "admin.logentry", "pk": 92, "fields": {"action_time": "2021-11-22T05:57:00.648Z", "user": 1, "content_type": null, "object_id": "2", "object_repr": "Jeff Bezos", "action_flag": 2, "change_message": "[{\"changed\": {\"fields\": [\"Account number\"]}}]"}}, {"model": "admin.logentry", "pk": 93, "fields": {"action_time": "2021-11-22T05:57:05.267Z", "user": 1, "content_type": null, "object_id": "1", "object_repr": "Bill Gates", "action_flag": 2, "change_message": "[{\"changed\": {\"fields\": [\"Account number\"]}}]"}}, {"model": "admin.logentry", "pk": 94, "fields": {"action_time": "2021-11-22T05:57:49.802Z", "user": 1, "content_type": null, "object_id": "3", "object_repr": "Order: Animaniacs", "action_flag": 2, "change_message": "[]"}}, {"model": "admin.logentry", "pk": 95, "fields": {"action_time": "2021-11-22T05:57:53.942Z", "user": 1, "content_type": null, "object_id": "2", "object_repr": "Order: Animaniacs", "action_flag": 2, "change_message": "[{\"changed\": {\"fields\": [\"Order number\"]}}]"}}, {"model": "admin.logentry", "pk": 96, "fields": {"action_time": "2021-11-22T05:57:58.246Z", "user": 1, "content_type": null, "object_id": "1", "object_repr": "Order: Microsoft", "action_flag": 2, "change_message": "[{\"changed\": {\"fields\": [\"Order number\"]}}]"}}, {"model": "admin.logentry", "pk": 97, "fields": {"action_time": "2021-11-22T06:15:31.052Z", "user": 1, "content_type": null, "object_id": "3", "object_repr": "Blood", "action_flag": 2, "change_message": "[]"}}, {"model": "admin.logentry", "pk": 98, "fields": {"action_time": "2021-11-22T06:15:33.033Z", "user": 1, "content_type": null, "object_id": "3", "object_repr": "Blood", "action_flag": 2, "change_message": "[]"}}, {"model": "admin.logentry", "pk": 99, "fields": {"action_time": "2021-11-22T06:15:42.029Z", "user": 1, "content_type": null, "object_id": "5", "object_repr": "Blood", "action_flag": 2, "change_message": "[]"}}, {"model": "admin.logentry", "pk": 100, "fields": {"action_time": "2021-11-22T06:16:17.281Z", "user": 1, "content_type": null, "object_id": "3", "object_repr": "OrderTest object (3)", "action_flag": 2, "change_message": "[{\"changed\": {\"fields\": [\"Order number\"]}}]"}}, {"model": "admin.logentry", "pk": 101, "fields": {"action_time": "2022-01-19T02:51:59.524Z", "user": 1, "content_type": null, "object_id": "10", "object_repr": "drjekyll", "action_flag": 2, "change_message": "[{\"changed\": {\"fields\": [\"Staff status\"]}}]"}}, {"model": "admin.logentry", "pk": 102, "fields": {"action_time": "2022-01-19T02:52:12.938Z", "user": 1, "content_type": null, "object_id": "9", "object_repr": "vfrank", "action_flag": 2, "change_message": "[{\"changed\": {\"fields\": [\"Staff status\"]}}]"}}, {"model": "admin.logentry", "pk": 103, "fields": {"action_time": "2022-01-20T05:31:39.877Z", "user": 1, "content_type": null, "object_id": "1", "object_repr": "Clients", "action_flag": 1, "change_message": "[{\"added\": {}}]"}}, {"model": "admin.logentry", "pk": 104, "fields": {"action_time": "2022-01-20T05:31:53.388Z", "user": 1, "content_type": null, "object_id": "1", "object_repr": "Clients", "action_flag": 3, "change_message": ""}}, {"model": "admin.logentry", "pk": 105, "fields": {"action_time": "2022-01-20T05:32:14.115Z", "user": 1, "content_type": null, "object_id": "2", "object_repr": "Clients", "action_flag": 1, "change_message": "[{\"added\": {}}]"}}, {"model": "admin.logentry", "pk": 106, "fields": {"action_time": "2022-01-20T05:32:17.445Z", "user": 1, "content_type": null, "object_id": "3", "object_repr": "Lab admins", "action_flag": 1, "change_message": "[{\"added\": {}}]"}}, {"model": "admin.logentry", "pk": 107, "fields": {"action_time": "2022-01-20T05:32:23.059Z", "user": 1, "content_type": null, "object_id": "4", "object_repr": "Lab workers", "action_flag": 1, "change_message": "[{\"added\": {}}]"}}, {"model": "admin.logentry", "pk": 108, "fields": {"action_time": "2022-01-20T05:32:28.992Z", "user": 1, "content_type": null, "object_id": "2", "object_repr": "Clients", "action_flag": 2, "change_message": "[]"}}, {"model": "admin.logentry", "pk": 109, "fields": {"action_time": "2022-01-20T05:33:07.627Z", "user": 1, "content_type": null, "object_id": "3", "object_repr": "Lab admins", "action_flag": 2, "change_message": "[{\"changed\": {\"fields\": [\"Permissions\"]}}]"}}, {"model": "admin.logentry", "pk": 110, "fields": {"action_time": "2022-01-20T05:34:28.197Z", "user": 1, "content_type": null, "object_id": "4", "object_repr": "Lab workers", "action_flag": 2, "change_message": "[{\"changed\": {\"fields\": [\"Permissions\"]}}]"}}, {"model": "admin.logentry", "pk": 111, "fields": {"action_time": "2022-01-20T05:34:58.533Z", "user": 1, "content_type": null, "object_id": "9", "object_repr": "vfrank", "action_flag": 2, "change_message": "[{\"changed\": {\"fields\": [\"Groups\"]}}]"}}, {"model": "admin.logentry", "pk": 112, "fields": {"action_time": "2022-01-20T05:35:05.863Z", "user": 1, "content_type": null, "object_id": "10", "object_repr": "drjekyll", "action_flag": 2, "change_message": "[{\"changed\": {\"fields\": [\"Groups\"]}}]"}}, {"model": "admin.logentry", "pk": 113, "fields": {"action_time": "2022-01-20T05:35:14.843Z", "user": 1, "content_type": null, "object_id": "11", "object_repr": "thebrain", "action_flag": 2, "change_message": "[{\"changed\": {\"fields\": [\"Groups\"]}}]"}}, {"model": "admin.logentry", "pk": 114, "fields": {"action_time": "2022-01-20T05:35:23.003Z", "user": 1, "content_type": null, "object_id": "1", "object_repr": "root", "action_flag": 2, "change_message": "[{\"changed\": {\"fields\": [\"Groups\"]}}]"}}, {"model": "admin.logentry", "pk": 115, "fields": {"action_time": "2022-01-20T05:35:32.971Z", "user": 1, "content_type": null, "object_id": "1", "object_repr": "root", "action_flag": 2, "change_message": "[{\"changed\": {\"fields\": [\"Groups\"]}}]"}}, {"model": "admin.logentry", "pk": 116, "fields": {"action_time": "2022-01-20T05:49:24.845Z", "user": 1, "content_type": null, "object_id": "3", "object_repr": "Lab admins", "action_flag": 2, "change_message": "[{\"changed\": {\"fields\": [\"Permissions\"]}}]"}}, {"model": "admin.logentry", "pk": 117, "fields": {"action_time": "2022-02-02T17:41:53.531Z", "user": 1, "content_type": null, "object_id": "1", "object_repr": "Soil Quality Test", "action_flag": 2, "change_message": "[{\"changed\": {\"fields\": [\"Sample type\"]}}]"}}, {"model": "admin.logentry", "pk": 118, "fields": {"action_time": "2022-02-02T17:42:13.053Z", "user": 1, "content_type": null, "object_id": "5", "object_repr": "Thyroid Panel", "action_flag": 2, "change_message": "[{\"changed\": {\"fields\": [\"Sample type\"]}}]"}}, {"model": "admin.logentry", "pk": 119, "fields": {"action_time": "2022-02-02T17:42:29.472Z", "user": 1, "content_type": null, "object_id": "4", "object_repr": "Blood Type", "action_flag": 2, "change_message": "[{\"changed\": {\"fields\": [\"Sample type\"]}}]"}}, {"model": "admin.logentry", "pk": 120, "fields": {"action_time": "2022-02-02T17:42:40.727Z", "user": 1, "content_type": null, "object_id": "3", "object_repr": "Iron Level Test", "action_flag": 2, "change_message": "[{\"changed\": {\"fields\": [\"Sample type\"]}}]"}}, {"model": "admin.logentry", "pk": 121, "fields": {"action_time": "2022-02-02T17:52:33.553Z", "user": 1, "content_type": null, "object_id": "2", "object_repr": "Trace Metal Detection", "action_flag": 2, "change_message": "[{\"changed\": {\"fields\": [\"Sample type\"]}}]"}}, {"model": "admin.logentry", "pk": 122, "fields": {"action_time": "2022-02-02T17:53:10.676Z", "user": 1, "content_type": null, "object_id": "5", "object_repr": "Thyroid Panel", "action_flag": 2, "change_message": "[]"}}, {"model": "admin.logentry", "pk": 123, "fields": {"action_time": "2022-02-05T00:37:56.086Z", "user": 1, "content_type": null, "object_id": "1", "object_repr": "SID 1 -> medical", "action_flag": 1, "change_message": "[{\"added\": {}}]"}}, {"model": "admin.logentry", "pk": 124, "fields": {"action_time": "2022-02-05T00:38:04.131Z", "user": 1, "content_type": null, "object_id": "1", "object_repr": "Order: Microsoft 2 Sample: SID 1 -> medical", "action_flag": 1, "change_message": "[{\"added\": {}}]"}}, {"model": "admin.logentry", "pk": 125, "fields": {"action_time": "2022-02-08T23:13:14.742Z", "user": 1, "content_type": null, "object_id": "12", "object_repr": "mills", "action_flag": 1, "change_message": "[{\"added\": {}}]"}}, {"model": "admin.logentry", "pk": 126, "fields": {"action_time": "2022-02-08T23:15:22.063Z", "user": 1, "content_type": null, "object_id": "12", "object_repr": "mills", "action_flag": 2, "change_message": "[{\"changed\": {\"fields\": [\"First name\", \"Last name\", \"Email address\", \"Groups\"]}}]"}}, {"model": "admin.logentry", "pk": 127, "fields": {"action_time": "2022-02-08T23:15:46.734Z", "user": 1, "content_type": null, "object_id": "13", "object_repr": "byron", "action_flag": 1, "change_message": "[{\"added\": {}}]"}}, {"model": "admin.logentry", "pk": 128, "fields": {"action_time": "2022-02-08T23:16:20.469Z", "user": 1, "content_type": null, "object_id": "13", "object_repr": "byron", "action_flag": 2, "change_message": "[{\"changed\": {\"fields\": [\"First name\", \"Last name\", \"Email address\", \"Groups\"]}}]"}}, {"model": "admin.logentry", "pk": 129, "fields": {"action_time": "2022-02-08T23:17:39.397Z", "user": 1, "content_type": null, "object_id": "14", "object_repr": "rad_lucas", "action_flag": 1, "change_message": "[{\"added\": {}}]"}}, {"model": "admin.logentry", "pk": 130, "fields": {"action_time": "2022-02-08T23:18:14.255Z", "user": 1, "content_type": null, "object_id": "14", "object_repr": "rad_lucas", "action_flag": 2, "change_message": "[{\"changed\": {\"fields\": [\"First name\", \"Last name\", \"Email address\", \"Groups\"]}}]"}}, {"model": "admin.logentry", "pk": 131, "fields": {"action_time": "2022-02-08T23:18:45.355Z", "user": 1, "content_type": null, "object_id": "15", "object_repr": "thomas", "action_flag": 1, "change_message": "[{\"added\": {}}]"}}, {"model": "admin.logentry", "pk": 132, "fields": {"action_time": "2022-02-08T23:19:31.402Z", "user": 1, "content_type": null, "object_id": "15", "object_repr": "thomas", "action_flag": 2, "change_message": "[{\"changed\": {\"fields\": [\"First name\", \"Last name\", \"Email address\", \"Groups\"]}}]"}}, {"model": "admin.logentry", "pk": 133, "fields": {"action_time": "2022-02-08T23:20:14.980Z", "user": 1, "content_type": null, "object_id": "16", "object_repr": "zoeF", "action_flag": 1, "change_message": "[{\"added\": {}}]"}}, {"model": "admin.logentry", "pk": 134, "fields": {"action_time": "2022-02-08T23:20:38.891Z", "user": 1, "content_type": null, "object_id": "16", "object_repr": "zoeF", "action_flag": 2, "change_message": "[{\"changed\": {\"fields\": [\"First name\", \"Last name\", \"Email address\", \"Groups\"]}}]"}}, {"model": "admin.logentry", "pk": 135, "fields": {"action_time": "2022-02-08T23:21:12.983Z", "user": 1, "content_type": null, "object_id": "17", "object_repr": "scully", "action_flag": 1, "change_message": "[{\"added\": {}}]"}}, {"model": "admin.logentry", "pk": 136, "fields": {"action_time": "2022-02-08T23:21:55.184Z", "user": 1, "content_type": null, "object_id": "17", "object_repr": "scully", "action_flag": 2, "change_message": "[{\"changed\": {\"fields\": [\"First name\", \"Last name\", \"Email address\", \"Groups\"]}}]"}}, {"model": "admin.logentry", "pk": 137, "fields": {"action_time": "2022-02-08T23:22:11.899Z", "user": 1, "content_type": null, "object_id": "18", "object_repr": "mulder", "action_flag": 1, "change_message": "[{\"added\": {}}]"}}, {"model": "admin.logentry", "pk": 138, "fields": {"action_time": "2022-02-08T23:22:44.540Z", "user": 1, "content_type": null, "object_id": "18", "object_repr": "mulder", "action_flag": 2, "change_message": "[{\"changed\": {\"fields\": [\"First name\", \"Last name\", \"Email address\", \"Groups\"]}}]"}}, {"model": "admin.logentry", "pk": 139, "fields": {"action_time": "2022-02-08T23:23:14.973Z", "user": 1, "content_type": null, "object_id": "19", "object_repr": "blackburn", "action_flag": 1, "change_message": "[{\"added\": {}}]"}}, {"model": "admin.logentry", "pk": 140, "fields": {"action_time": "2022-02-08T23:23:51.789Z", "user": 1, "content_type": null, "object_id": "19", "object_repr": "blackburn", "action_flag": 2, "change_message": "[{\"changed\": {\"fields\": [\"First name\", \"Last name\", \"Email address\", \"Staff status\", \"Groups\"]}}]"}}, {"model": "admin.logentry", "pk": 141, "fields": {"action_time": "2022-02-08T23:25:20.669Z", "user": 1, "content_type": null, "object_id": "6", "object_repr": "bgates", "action_flag": 2, "change_message": "[{\"changed\": {\"fields\": [\"Groups\"]}}]"}}, {"model": "admin.logentry", "pk": 142, "fields": {"action_time": "2022-02-08T23:25:36.828Z", "user": 1, "content_type": null, "object_id": "19", "object_repr": "blackburn", "action_flag": 2, "change_message": "[]"}}, {"model": "admin.logentry", "pk": 143, "fields": {"action_time": "2022-02-08T23:25:47.354Z", "user": 1, "content_type": null, "object_id": "5", "object_repr": "bwidow", "action_flag": 2, "change_message": "[{\"changed\": {\"fields\": [\"Staff status\", \"Groups\"]}}]"}}, {"model": "admin.logentry", "pk": 144, "fields": {"action_time": "2022-02-08T23:25:57.924Z", "user": 1, "content_type": null, "object_id": "13", "object_repr": "byron", "action_flag": 2, "change_message": "[]"}}, {"model": "admin.logentry", "pk": 145, "fields": {"action_time": "2022-02-08T23:26:05.952Z", "user": 1, "content_type": null, "object_id": "10", "object_repr": "drjekyll", "action_flag": 2, "change_message": "[]"}}, {"model": "admin.logentry", "pk": 146, "fields": {"action_time": "2022-02-08T23:26:17.649Z", "user": 1, "content_type": null, "object_id": "3", "object_repr": "escrooge", "action_flag": 2, "change_message": "[{\"changed\": {\"fields\": [\"Groups\"]}}]"}}, {"model": "admin.logentry", "pk": 147, "fields": {"action_time": "2022-02-08T23:26:26.757Z", "user": 1, "content_type": null, "object_id": "7", "object_repr": "jbezos", "action_flag": 2, "change_message": "[{\"changed\": {\"fields\": [\"Groups\"]}}]"}}, {"model": "admin.logentry", "pk": 148, "fields": {"action_time": "2022-02-08T23:26:39.280Z", "user": 1, "content_type": null, "object_id": "8", "object_repr": "jtest", "action_flag": 2, "change_message": "[{\"changed\": {\"fields\": [\"Staff status\", \"Groups\"]}}]"}}, {"model": "admin.logentry", "pk": 149, "fields": {"action_time": "2022-02-08T23:26:51.651Z", "user": 1, "content_type": null, "object_id": "12", "object_repr": "mills", "action_flag": 2, "change_message": "[]"}}, {"model": "admin.logentry", "pk": 150, "fields": {"action_time": "2022-02-08T23:27:13.028Z", "user": 1, "content_type": null, "object_id": "18", "object_repr": "mulder", "action_flag": 2, "change_message": "[{\"changed\": {\"fields\": [\"Staff status\"]}}]"}}, {"model": "admin.logentry", "pk": 151, "fields": {"action_time": "2022-02-08T23:27:25.981Z", "user": 1, "content_type": null, "object_id": "14", "object_repr": "rad_lucas", "action_flag": 2, "change_message": "[]"}}, {"model": "admin.logentry", "pk": 152, "fields": {"action_time": "2022-02-08T23:27:31.766Z", "user": 1, "content_type": null, "object_id": "1", "object_repr": "root", "action_flag": 2, "change_message": "[]"}}, {"model": "admin.logentry", "pk": 153, "fields": {"action_time": "2022-02-08T23:27:50.872Z", "user": 1, "content_type": null, "object_id": "17", "object_repr": "scully", "action_flag": 2, "change_message": "[{\"changed\": {\"fields\": [\"Staff status\"]}}]"}}, {"model": "admin.logentry", "pk": 154, "fields": {"action_time": "2022-02-08T23:27:58.336Z", "user": 1, "content_type": null, "object_id": "11", "object_repr": "thebrain", "action_flag": 2, "change_message": "[]"}}, {"model": "admin.logentry", "pk": 155, "fields": {"action_time": "2022-02-08T23:28:06.130Z", "user": 1, "content_type": null, "object_id": "15", "object_repr": "thomas", "action_flag": 2, "change_message": "[]"}}, {"model": "admin.logentry", "pk": 156, "fields": {"action_time": "2022-02-08T23:28:25.924Z", "user": 1, "content_type": null, "object_id": "4", "object_repr": "todinson", "action_flag": 2, "change_message": "[{\"changed\": {\"fields\": [\"Staff status\", \"Groups\"]}}]"}}, {"model": "admin.logentry", "pk": 157, "fields": {"action_time": "2022-02-08T23:28:33.495Z", "user": 1, "content_type": null, "object_id": "9", "object_repr": "vfrank", "action_flag": 2, "change_message": "[]"}}, {"model": "admin.logentry", "pk": 158, "fields": {"action_time": "2022-02-08T23:29:11.841Z", "user": 1, "content_type": null, "object_id": "16", "object_repr": "zoeF", "action_flag": 2, "change_message": "[]"}}, {"model": "admin.logentry", "pk": 159, "fields": {"action_time": "2022-02-08T23:29:59.191Z", "user": 1, "content_type": null, "object_id": "20", "object_repr": "nate", "action_flag": 1, "change_message": "[{\"added\": {}}]"}}, {"model": "admin.logentry", "pk": 160, "fields": {"action_time": "2022-02-08T23:30:37.539Z", "user": 1, "content_type": null, "object_id": "20", "object_repr": "nate", "action_flag": 2, "change_message": "[{\"changed\": {\"fields\": [\"First name\", \"Last name\", \"Email address\", \"Groups\"]}}]"}}, {"model": "admin.logentry", "pk": 161, "fields": {"action_time": "2022-02-08T23:31:09.380Z", "user": 1, "content_type": null, "object_id": "21", "object_repr": "adamson", "action_flag": 1, "change_message": "[{\"added\": {}}]"}}, {"model": "admin.logentry", "pk": 162, "fields": {"action_time": "2022-02-08T23:32:09.966Z", "user": 1, "content_type": null, "object_id": "21", "object_repr": "adamson", "action_flag": 2, "change_message": "[{\"changed\": {\"fields\": [\"First name\", \"Last name\", \"Email address\", \"Staff status\", \"Groups\"]}}]"}}, {"model": "admin.logentry", "pk": 163, "fields": {"action_time": "2022-02-08T23:32:30.259Z", "user": 1, "content_type": null, "object_id": "22", "object_repr": "penn", "action_flag": 1, "change_message": "[{\"added\": {}}]"}}, {"model": "admin.logentry", "pk": 164, "fields": {"action_time": "2022-02-08T23:33:11.267Z", "user": 1, "content_type": null, "object_id": "22", "object_repr": "penn", "action_flag": 2, "change_message": "[{\"changed\": {\"fields\": [\"First name\", \"Last name\", \"Email address\", \"Staff status\", \"Groups\"]}}]"}}, {"model": "admin.logentry", "pk": 165, "fields": {"action_time": "2022-02-08T23:34:56.891Z", "user": 1, "content_type": null, "object_id": "5", "object_repr": "Byron Underwood", "action_flag": 1, "change_message": "[{\"added\": {}}]"}}, {"model": "admin.logentry", "pk": 166, "fields": {"action_time": "2022-02-08T23:36:05.947Z", "user": 1, "content_type": null, "object_id": "6", "object_repr": "Maura Mills", "action_flag": 1, "change_message": "[{\"added\": {}}]"}}, {"model": "admin.logentry", "pk": 167, "fields": {"action_time": "2022-02-08T23:37:03.138Z", "user": 1, "content_type": null, "object_id": "7", "object_repr": "Lucas Radcliff", "action_flag": 1, "change_message": "[{\"added\": {}}]"}}, {"model": "admin.logentry", "pk": 168, "fields": {"action_time": "2022-02-08T23:37:45.567Z", "user": 1, "content_type": null, "object_id": "8", "object_repr": "Thomas Haden", "action_flag": 1, "change_message": "[{\"added\": {}}]"}}, {"model": "admin.logentry", "pk": 169, "fields": {"action_time": "2022-02-08T23:38:29.017Z", "user": 1, "content_type": null, "object_id": "9", "object_repr": "Zoe Fabian", "action_flag": 1, "change_message": "[{\"added\": {}}]"}}, {"model": "admin.logentry", "pk": 170, "fields": {"action_time": "2022-02-08T23:39:41.298Z", "user": 1, "content_type": null, "object_id": "10", "object_repr": "Nate Hanley", "action_flag": 1, "change_message": "[{\"added\": {}}]"}}, {"model": "admin.logentry", "pk": 171, "fields": {"action_time": "2022-02-08T23:39:59.385Z", "user": 1, "content_type": null, "object_id": "4", "object_repr": "adamson", "action_flag": 1, "change_message": "[{\"added\": {}}]"}}, {"model": "admin.logentry", "pk": 172, "fields": {"action_time": "2022-02-08T23:40:13.876Z", "user": 1, "content_type": null, "object_id": "5", "object_repr": "penn", "action_flag": 1, "change_message": "[{\"added\": {}}]"}}, {"model": "admin.logentry", "pk": 173, "fields": {"action_time": "2022-02-08T23:40:27.533Z", "user": 1, "content_type": null, "object_id": "3", "object_repr": "blackburn", "action_flag": 1, "change_message": "[{\"added\": {}}]"}}, {"model": "admin.logentry", "pk": 174, "fields": {"action_time": "2022-02-08T23:40:36.741Z", "user": 1, "content_type": null, "object_id": "4", "object_repr": "mulder", "action_flag": 1, "change_message": "[{\"added\": {}}]"}}, {"model": "admin.logentry", "pk": 175, "fields": {"action_time": "2022-02-08T23:40:43.540Z", "user": 1, "content_type": null, "object_id": "5", "object_repr": "scully", "action_flag": 1, "change_message": "[{\"added\": {}}]"}}, {"model": "admin.logentry", "pk": 176, "fields": {"action_time": "2022-02-08T23:42:18.688Z", "user": 1, "content_type": null, "object_id": "3", "object_repr": "Biosafety", "action_flag": 1, "change_message": "[{\"added\": {}}]"}}, {"model": "admin.logentry", "pk": 177, "fields": {"action_time": "2022-02-08T23:42:22.197Z", "user": 1, "content_type": null, "object_id": "2", "object_repr": "Analytical Lab", "action_flag": 2, "change_message": "[]"}}, {"model": "admin.logentry", "pk": 178, "fields": {"action_time": "2022-02-08T23:42:36.358Z", "user": 1, "content_type": null, "object_id": "4", "object_repr": "Clinical", "action_flag": 1, "change_message": "[{\"added\": {}}]"}}, {"model": "admin.logentry", "pk": 179, "fields": {"action_time": "2022-02-08T23:42:43.711Z", "user": 1, "content_type": null, "object_id": "3", "object_repr": "Biosafety Lab", "action_flag": 2, "change_message": "[{\"changed\": {\"fields\": [\"Name\"]}}]"}}, {"model": "admin.logentry", "pk": 180, "fields": {"action_time": "2022-02-08T23:42:48.322Z", "user": 1, "content_type": null, "object_id": "4", "object_repr": "Clinical Lab", "action_flag": 2, "change_message": "[{\"changed\": {\"fields\": [\"Name\"]}}]"}}, {"model": "admin.logentry", "pk": 181, "fields": {"action_time": "2022-02-08T23:43:19.326Z", "user": 1, "content_type": null, "object_id": "5", "object_repr": "General Lab", "action_flag": 1, "change_message": "[{\"added\": {}}]"}}, {"model": "admin.logentry", "pk": 182, "fields": {"action_time": "2022-02-08T23:43:32.558Z", "user": 1, "content_type": null, "object_id": "6", "object_repr": "Molecular Lab", "action_flag": 1, "change_message": "[{\"added\": {}}]"}}, {"model": "admin.logentry", "pk": 183, "fields": {"action_time": "2022-02-08T23:45:15.873Z", "user": 1, "content_type": null, "object_id": "6", "object_repr": "Complete Blood Count", "action_flag": 1, "change_message": "[{\"added\": {}}]"}}, {"model": "admin.logentry", "pk": 184, "fields": {"action_time": "2022-02-08T23:47:52.502Z", "user": 1, "content_type": null, "object_id": "7", "object_repr": "Composition Analysis", "action_flag": 1, "change_message": "[{\"added\": {}}]"}}, {"model": "admin.logentry", "pk": 185, "fields": {"action_time": "2022-02-08T23:48:26.087Z", "user": 1, "content_type": null, "object_id": "8", "object_repr": "Regulatory Testing", "action_flag": 1, "change_message": "[{\"added\": {}}]"}}, {"model": "admin.logentry", "pk": 186, "fields": {"action_time": "2022-02-08T23:49:49.997Z", "user": 1, "content_type": null, "object_id": "9", "object_repr": "Drug Screening", "action_flag": 1, "change_message": "[{\"added\": {}}]"}}, {"model": "admin.logentry", "pk": 187, "fields": {"action_time": "2022-02-08T23:50:43.907Z", "user": 1, "content_type": null, "object_id": "10", "object_repr": "COVID-19 TEST", "action_flag": 1, "change_message": "[{\"added\": {}}]"}}, {"model": "admin.logentry", "pk": 188, "fields": {"action_time": "2022-02-08T23:51:09.101Z", "user": 1, "content_type": null, "object_id": "3", "object_repr": "Package: Urine Full Work Up", "action_flag": 1, "change_message": "[{\"added\": {}}]"}}, {"model": "admin.logentry", "pk": 189, "fields": {"action_time": "2022-02-08T23:51:23.048Z", "user": 1, "content_type": null, "object_id": "1", "object_repr": "Urine Full Work Up - Drug Screening", "action_flag": 1, "change_message": "[{\"added\": {}}]"}}, {"model": "admin.logentry", "pk": 190, "fields": {"action_time": "2022-02-08T23:51:33.290Z", "user": 1, "content_type": null, "object_id": "2", "object_repr": "Blood Work Up - Iron Level Test", "action_flag": 1, "change_message": "[{\"added\": {}}]"}}, {"model": "admin.logentry", "pk": 191, "fields": {"action_time": "2022-02-08T23:51:39.156Z", "user": 1, "content_type": null, "object_id": "3", "object_repr": "Blood Work Up - Thyroid Panel", "action_flag": 1, "change_message": "[{\"added\": {}}]"}}, {"model": "admin.logentry", "pk": 192, "fields": {"action_time": "2022-02-08T23:51:45.087Z", "user": 1, "content_type": null, "object_id": "4", "object_repr": "Blood Work Up - Complete Blood Count", "action_flag": 1, "change_message": "[{\"added\": {}}]"}}, {"model": "admin.logentry", "pk": 193, "fields": {"action_time": "2022-02-08T23:51:58.925Z", "user": 1, "content_type": null, "object_id": "5", "object_repr": "Returned Soil Sample - Soil Quality Test", "action_flag": 1, "change_message": "[{\"added\": {}}]"}}, {"model": "admin.logentry", "pk": 194, "fields": {"action_time": "2022-02-08T23:52:04.129Z", "user": 1, "content_type": null, "object_id": "6", "object_repr": "Returned Soil Sample - Trace Metal Detection", "action_flag": 1, "change_message": "[{\"added\": {}}]"}}, {"model": "admin.logentry", "pk": 195, "fields": {"action_time": "2022-02-08T23:52:11.833Z", "user": 1, "content_type": null, "object_id": "7", "object_repr": "Returned Soil Sample - Composition Analysis", "action_flag": 1, "change_message": "[{\"added\": {}}]"}}, {"model": "admin.logentry", "pk": 196, "fields": {"action_time": "2022-02-08T23:52:38.879Z", "user": 1, "content_type": null, "object_id": "4", "object_repr": "Package: Everything But The Kitchen Sink", "action_flag": 1, "change_message": "[{\"added\": {}}]"}}, {"model": "admin.logentry", "pk": 197, "fields": {"action_time": "2022-02-08T23:52:48.365Z", "user": 1, "content_type": null, "object_id": "5", "object_repr": "Package: The Basics", "action_flag": 1, "change_message": "[{\"added\": {}}]"}}, {"model": "admin.logentry", "pk": 198, "fields": {"action_time": "2022-02-08T23:52:57.432Z", "user": 1, "content_type": null, "object_id": "8", "object_repr": "The Basics - COVID-19 TEST", "action_flag": 1, "change_message": "[{\"added\": {}}]"}}, {"model": "admin.logentry", "pk": 199, "fields": {"action_time": "2022-02-08T23:53:02.828Z", "user": 1, "content_type": null, "object_id": "9", "object_repr": "The Basics - Drug Screening", "action_flag": 1, "change_message": "[{\"added\": {}}]"}}, {"model": "admin.logentry", "pk": 200, "fields": {"action_time": "2022-02-08T23:53:08.254Z", "user": 1, "content_type": null, "object_id": "10", "object_repr": "Everything But The Kitchen Sink - Soil Quality Test", "action_flag": 1, "change_message": "[{\"added\": {}}]"}}, {"model": "admin.logentry", "pk": 201, "fields": {"action_time": "2022-02-08T23:53:13.447Z", "user": 1, "content_type": null, "object_id": "11", "object_repr": "Everything But The Kitchen Sink - Trace Metal Detection", "action_flag": 1, "change_message": "[{\"added\": {}}]"}}, {"model": "admin.logentry", "pk": 202, "fields": {"action_time": "2022-02-08T23:53:21.523Z", "user": 1, "content_type": null, "object_id": "12", "object_repr": "Everything But The Kitchen Sink - Iron Level Test", "action_flag": 1, "change_message": "[{\"added\": {}}]"}}, {"model": "admin.logentry", "pk": 203, "fields": {"action_time": "2022-02-08T23:53:28.940Z", "user": 1, "content_type": null, "object_id": "13", "object_repr": "Everything But The Kitchen Sink - Blood Type", "action_flag": 1, "change_message": "[{\"added\": {}}]"}}, {"model": "admin.logentry", "pk": 204, "fields": {"action_time": "2022-02-08T23:53:34.030Z", "user": 1, "content_type": null, "object_id": "14", "object_repr": "Everything But The Kitchen Sink - Thyroid Panel", "action_flag": 1, "change_message": "[{\"added\": {}}]"}}, {"model": "admin.logentry", "pk": 205, "fields": {"action_time": "2022-02-08T23:53:39.904Z", "user": 1, "content_type": null, "object_id": "15", "object_repr": "Everything But The Kitchen Sink - Complete Blood Count", "action_flag": 1, "change_message": "[{\"added\": {}}]"}}, {"model": "admin.logentry", "pk": 206, "fields": {"action_time": "2022-02-08T23:53:49.049Z", "user": 1, "content_type": null, "object_id": "16", "object_repr": "Everything But The Kitchen Sink - Composition Analysis", "action_flag": 1, "change_message": "[{\"added\": {}}]"}}, {"model": "admin.logentry", "pk": 207, "fields": {"action_time": "2022-02-08T23:53:54.672Z", "user": 1, "content_type": null, "object_id": "17", "object_repr": "Everything But The Kitchen Sink - Regulatory Testing", "action_flag": 1, "change_message": "[{\"added\": {}}]"}}, {"model": "admin.logentry", "pk": 208, "fields": {"action_time": "2022-02-08T23:54:01.491Z", "user": 1, "content_type": null, "object_id": "18", "object_repr": "Everything But The Kitchen Sink - Drug Screening", "action_flag": 1, "change_message": "[{\"added\": {}}]"}}, {"model": "admin.logentry", "pk": 209, "fields": {"action_time": "2022-02-08T23:54:06.453Z", "user": 1, "content_type": null, "object_id": "19", "object_repr": "Everything But The Kitchen Sink - COVID-19 TEST", "action_flag": 1, "change_message": "[{\"added\": {}}]"}}, {"model": "admin.logentry", "pk": 210, "fields": {"action_time": "2022-02-08T23:54:41.971Z", "user": 1, "content_type": null, "object_id": "4", "object_repr": "Order: Microsoft 3", "action_flag": 1, "change_message": "[{\"added\": {}}]"}}, {"model": "admin.logentry", "pk": 211, "fields": {"action_time": "2022-02-08T23:54:50.749Z", "user": 1, "content_type": null, "object_id": "5", "object_repr": "Order: Amazon 4", "action_flag": 1, "change_message": "[{\"added\": {}}]"}}, {"model": "admin.logentry", "pk": 212, "fields": {"action_time": "2022-02-08T23:55:01.673Z", "user": 1, "content_type": null, "object_id": "6", "object_repr": "Order: Adventure Capitalist 5", "action_flag": 1, "change_message": "[{\"added\": {}}]"}}, {"model": "admin.logentry", "pk": 213, "fields": {"action_time": "2022-02-08T23:55:11.348Z", "user": 1, "content_type": null, "object_id": "7", "object_repr": "Order: Animaniacs 7", "action_flag": 1, "change_message": "[{\"added\": {}}]"}}, {"model": "admin.logentry", "pk": 214, "fields": {"action_time": "2022-02-08T23:55:24.308Z", "user": 1, "content_type": null, "object_id": "8", "object_repr": "Order: Troom 6", "action_flag": 1, "change_message": "[{\"added\": {}}]"}}, {"model": "admin.logentry", "pk": 215, "fields": {"action_time": "2022-02-08T23:55:33.769Z", "user": 1, "content_type": null, "object_id": "9", "object_repr": "Order: Zroom 8", "action_flag": 1, "change_message": "[{\"added\": {}}]"}}, {"model": "admin.logentry", "pk": 216, "fields": {"action_time": "2022-02-08T23:55:45.626Z", "user": 1, "content_type": null, "object_id": "10", "object_repr": "Order: Zrooom 9", "action_flag": 1, "change_message": "[{\"added\": {}}]"}}, {"model": "admin.logentry", "pk": 217, "fields": {"action_time": "2022-02-08T23:55:58.816Z", "user": 1, "content_type": null, "object_id": "11", "object_repr": "Order: Kid Lab 11", "action_flag": 1, "change_message": "[{\"added\": {}}]"}}, {"model": "admin.logentry", "pk": 218, "fields": {"action_time": "2022-02-08T23:56:11.585Z", "user": 1, "content_type": null, "object_id": "12", "object_repr": "Order: KidLabs 12", "action_flag": 1, "change_message": "[{\"added\": {}}]"}}, {"model": "admin.logentry", "pk": 219, "fields": {"action_time": "2022-02-08T23:57:34.277Z", "user": 1, "content_type": null, "object_id": "13", "object_repr": "Order: Microsoft 13", "action_flag": 1, "change_message": "[{\"added\": {}}]"}}, {"model": "admin.logentry", "pk": 220, "fields": {"action_time": "2022-02-08T23:58:03.263Z", "user": 1, "content_type": null, "object_id": "14", "object_repr": "Order: Amazon 14", "action_flag": 1, "change_message": "[{\"added\": {}}]"}}, {"model": "admin.logentry", "pk": 221, "fields": {"action_time": "2022-02-08T23:58:16.813Z", "user": 1, "content_type": null, "object_id": "15", "object_repr": "Order: Amazon 10", "action_flag": 1, "change_message": "[{\"added\": {}}]"}}, {"model": "admin.logentry", "pk": 222, "fields": {"action_time": "2022-02-08T23:58:26.287Z", "user": 1, "content_type": null, "object_id": "16", "object_repr": "Order: Amazon 15", "action_flag": 1, "change_message": "[{\"added\": {}}]"}}, {"model": "admin.logentry", "pk": 223, "fields": {"action_time": "2022-02-08T23:58:44.813Z", "user": 1, "content_type": null, "object_id": "17", "object_repr": "Order: Amazon 16", "action_flag": 1, "change_message": "[{\"added\": {}}]"}}, {"model": "admin.logentry", "pk": 224, "fields": {"action_time": "2022-02-08T23:58:53.282Z", "user": 1, "content_type": null, "object_id": "18", "object_repr": "Order: Amazon 17", "action_flag": 1, "change_message": "[{\"added\": {}}]"}}, {"model": "admin.logentry", "pk": 225, "fields": {"action_time": "2022-02-08T23:59:34.721Z", "user": 1, "content_type": null, "object_id": "19", "object_repr": "Order: Animaniacs 17", "action_flag": 1, "change_message": "[{\"added\": {}}]"}}, {"model": "admin.logentry", "pk": 226, "fields": {"action_time": "2022-02-08T23:59:40.627Z", "user": 1, "content_type": null, "object_id": "19", "object_repr": "Order: Animaniacs 18", "action_flag": 2, "change_message": "[{\"changed\": {\"fields\": [\"Order number\"]}}]"}}, {"model": "admin.logentry", "pk": 227, "fields": {"action_time": "2022-02-08T23:59:51.382Z", "user": 1, "content_type": null, "object_id": "20", "object_repr": "Order: Animaniacs 19", "action_flag": 1, "change_message": "[{\"added\": {}}]"}}, {"model": "admin.logentry", "pk": 228, "fields": {"action_time": "2022-02-09T00:00:04.149Z", "user": 1, "content_type": null, "object_id": "21", "object_repr": "Order: Animaniacs 20", "action_flag": 1, "change_message": "[{\"added\": {}}]"}}, {"model": "admin.logentry", "pk": 229, "fields": {"action_time": "2022-02-09T00:00:24.583Z", "user": 1, "content_type": null, "object_id": "22", "object_repr": "Order: Troom 21", "action_flag": 1, "change_message": "[{\"added\": {}}]"}}, {"model": "admin.logentry", "pk": 230, "fields": {"action_time": "2022-02-09T00:00:38.864Z", "user": 1, "content_type": null, "object_id": "23", "object_repr": "Order: Troom 22", "action_flag": 1, "change_message": "[{\"added\": {}}]"}}, {"model": "admin.logentry", "pk": 231, "fields": {"action_time": "2022-02-09T00:01:11.101Z", "user": 1, "content_type": null, "object_id": "24", "object_repr": "Order: Zroom 23", "action_flag": 1, "change_message": "[{\"added\": {}}]"}}, {"model": "admin.logentry", "pk": 232, "fields": {"action_time": "2022-02-09T00:01:45.095Z", "user": 1, "content_type": null, "object_id": "25", "object_repr": "Order: Kid Lab 24", "action_flag": 1, "change_message": "[{\"added\": {}}]"}}, {"model": "admin.logentry", "pk": 233, "fields": {"action_time": "2022-02-09T00:02:29.146Z", "user": 1, "content_type": null, "object_id": "2", "object_repr": "SID 2 -> Blood", "action_flag": 1, "change_message": "[{\"added\": {}}]"}}, {"model": "admin.logentry", "pk": 234, "fields": {"action_time": "2022-02-09T00:02:38.802Z", "user": 1, "content_type": null, "object_id": "3", "object_repr": "SID 3 -> Dairy", "action_flag": 1, "change_message": "[{\"added\": {}}]"}}, {"model": "admin.logentry", "pk": 235, "fields": {"action_time": "2022-02-09T00:02:51.685Z", "user": 1, "content_type": null, "object_id": "4", "object_repr": "SID 4 -> Cosmetics", "action_flag": 1, "change_message": "[{\"added\": {}}]"}}, {"model": "admin.logentry", "pk": 236, "fields": {"action_time": "2022-02-09T00:03:04.262Z", "user": 1, "content_type": null, "object_id": "5", "object_repr": "SID 5 -> Environmental", "action_flag": 1, "change_message": "[{\"added\": {}}]"}}, {"model": "admin.logentry", "pk": 237, "fields": {"action_time": "2022-02-09T00:03:14.467Z", "user": 1, "content_type": null, "object_id": "6", "object_repr": "SID 6 -> Chemical", "action_flag": 1, "change_message": "[{\"added\": {}}]"}}, {"model": "admin.logentry", "pk": 238, "fields": {"action_time": "2022-02-09T00:03:24.592Z", "user": 1, "content_type": null, "object_id": "7", "object_repr": "SID 7 -> Chemical", "action_flag": 1, "change_message": "[{\"added\": {}}]"}}, {"model": "admin.logentry", "pk": 239, "fields": {"action_time": "2022-02-09T00:03:34.644Z", "user": 1, "content_type": null, "object_id": "8", "object_repr": "SID 8 -> Blood", "action_flag": 1, "change_message": "[{\"added\": {}}]"}}, {"model": "admin.logentry", "pk": 240, "fields": {"action_time": "2022-02-09T00:03:46.852Z", "user": 1, "content_type": null, "object_id": "9", "object_repr": "SID 9 -> Chemical", "action_flag": 1, "change_message": "[{\"added\": {}}]"}}, {"model": "admin.logentry", "pk": 241, "fields": {"action_time": "2022-02-09T00:03:55.826Z", "user": 1, "content_type": null, "object_id": "10", "object_repr": "SID 10 -> Dairy", "action_flag": 1, "change_message": "[{\"added\": {}}]"}}, {"model": "admin.logentry", "pk": 242, "fields": {"action_time": "2022-02-09T00:04:09.321Z", "user": 1, "content_type": null, "object_id": "11", "object_repr": "SID 11 -> Cosmetics", "action_flag": 1, "change_message": "[{\"added\": {}}]"}}, {"model": "admin.logentry", "pk": 243, "fields": {"action_time": "2022-02-09T00:04:28.027Z", "user": 1, "content_type": null, "object_id": "12", "object_repr": "SID 12 -> Urine", "action_flag": 1, "change_message": "[{\"added\": {}}]"}}, {"model": "admin.logentry", "pk": 244, "fields": {"action_time": "2022-02-09T00:04:38.216Z", "user": 1, "content_type": null, "object_id": "13", "object_repr": "SID 13 -> Urine", "action_flag": 1, "change_message": "[{\"added\": {}}]"}}, {"model": "admin.logentry", "pk": 245, "fields": {"action_time": "2022-02-09T00:04:54.061Z", "user": 1, "content_type": null, "object_id": "14", "object_repr": "SID 14 -> Nasal Swab", "action_flag": 1, "change_message": "[{\"added\": {}}]"}}, {"model": "admin.logentry", "pk": 246, "fields": {"action_time": "2022-02-09T00:05:06.253Z", "user": 1, "content_type": null, "object_id": "15", "object_repr": "SID 15 -> Nasal Swab", "action_flag": 1, "change_message": "[{\"added\": {}}]"}}, {"model": "admin.logentry", "pk": 247, "fields": {"action_time": "2022-02-09T00:05:37.433Z", "user": 1, "content_type": null, "object_id": "1", "object_repr": "Order: Animaniacs 0 - Soil Quality Test", "action_flag": 1, "change_message": "[{\"added\": {}}]"}}, {"model": "admin.logentry", "pk": 248, "fields": {"action_time": "2022-02-09T00:05:43.844Z", "user": 1, "content_type": null, "object_id": "2", "object_repr": "Order: Animaniacs 0 - Trace Metal Detection", "action_flag": 1, "change_message": "[{\"added\": {}}]"}}, {"model": "admin.logentry", "pk": 249, "fields": {"action_time": "2022-02-09T00:05:53.557Z", "user": 1, "content_type": null, "object_id": "3", "object_repr": "Order: Animaniacs 1 - Regulatory Testing", "action_flag": 1, "change_message": "[{\"added\": {}}]"}}, {"model": "admin.logentry", "pk": 250, "fields": {"action_time": "2022-02-09T00:06:02.488Z", "user": 1, "content_type": null, "object_id": "4", "object_repr": "Order: Animaniacs 7 - Soil Quality Test", "action_flag": 1, "change_message": "[{\"added\": {}}]"}}, {"model": "admin.logentry", "pk": 251, "fields": {"action_time": "2022-02-09T00:06:07.983Z", "user": 1, "content_type": null, "object_id": "5", "object_repr": "Order: Animaniacs 7 - Drug Screening", "action_flag": 1, "change_message": "[{\"added\": {}}]"}}, {"model": "admin.logentry", "pk": 252, "fields": {"action_time": "2022-02-09T00:06:14.128Z", "user": 1, "content_type": null, "object_id": "6", "object_repr": "Order: Animaniacs 7 - Regulatory Testing", "action_flag": 1, "change_message": "[{\"added\": {}}]"}}, {"model": "admin.logentry", "pk": 253, "fields": {"action_time": "2022-02-09T00:06:22.476Z", "user": 1, "content_type": null, "object_id": "7", "object_repr": "Order: Animaniacs 18 - Trace Metal Detection", "action_flag": 1, "change_message": "[{\"added\": {}}]"}}, {"model": "admin.logentry", "pk": 254, "fields": {"action_time": "2022-02-09T00:06:32.395Z", "user": 1, "content_type": null, "object_id": "8", "object_repr": "Order: Animaniacs 19 - Soil Quality Test", "action_flag": 1, "change_message": "[{\"added\": {}}]"}}, {"model": "admin.logentry", "pk": 255, "fields": {"action_time": "2022-02-09T00:06:38.829Z", "user": 1, "content_type": null, "object_id": "9", "object_repr": "Order: Animaniacs 20 - COVID-19 TEST", "action_flag": 1, "change_message": "[{\"added\": {}}]"}}, {"model": "admin.logentry", "pk": 256, "fields": {"action_time": "2022-02-09T00:06:50.872Z", "user": 1, "content_type": null, "object_id": "10", "object_repr": "Order: Microsoft 2 - COVID-19 TEST", "action_flag": 1, "change_message": "[{\"added\": {}}]"}}, {"model": "admin.logentry", "pk": 257, "fields": {"action_time": "2022-02-09T00:06:56.240Z", "user": 1, "content_type": null, "object_id": "11", "object_repr": "Order: Microsoft 2 - COVID-19 TEST", "action_flag": 1, "change_message": "[{\"added\": {}}]"}}, {"model": "admin.logentry", "pk": 258, "fields": {"action_time": "2022-02-09T00:07:03.071Z", "user": 1, "content_type": null, "object_id": "12", "object_repr": "Order: Microsoft 3 - COVID-19 TEST", "action_flag": 1, "change_message": "[{\"added\": {}}]"}}, {"model": "admin.logentry", "pk": 259, "fields": {"action_time": "2022-02-09T00:07:09.241Z", "user": 1, "content_type": null, "object_id": "13", "object_repr": "Order: Microsoft 3 - COVID-19 TEST", "action_flag": 1, "change_message": "[{\"added\": {}}]"}}, {"model": "admin.logentry", "pk": 260, "fields": {"action_time": "2022-02-09T00:07:17.312Z", "user": 1, "content_type": null, "object_id": "14", "object_repr": "Order: Microsoft 13 - Drug Screening", "action_flag": 1, "change_message": "[{\"added\": {}}]"}}, {"model": "admin.logentry", "pk": 261, "fields": {"action_time": "2022-02-09T00:07:28.089Z", "user": 1, "content_type": null, "object_id": "15", "object_repr": "Order: Amazon 4 - Regulatory Testing", "action_flag": 1, "change_message": "[{\"added\": {}}]"}}, {"model": "admin.logentry", "pk": 262, "fields": {"action_time": "2022-02-09T00:07:36.699Z", "user": 1, "content_type": null, "object_id": "16", "object_repr": "Order: Amazon 14 - Regulatory Testing", "action_flag": 1, "change_message": "[{\"added\": {}}]"}}, {"model": "admin.logentry", "pk": 263, "fields": {"action_time": "2022-02-09T00:07:46.170Z", "user": 1, "content_type": null, "object_id": "17", "object_repr": "Order: Amazon 14 - Composition Analysis", "action_flag": 1, "change_message": "[{\"added\": {}}]"}}, {"model": "admin.logentry", "pk": 264, "fields": {"action_time": "2022-02-09T00:07:55.931Z", "user": 1, "content_type": null, "object_id": "18", "object_repr": "Order: Amazon 10 - COVID-19 TEST", "action_flag": 1, "change_message": "[{\"added\": {}}]"}}, {"model": "admin.logentry", "pk": 265, "fields": {"action_time": "2022-02-09T00:08:01.555Z", "user": 1, "content_type": null, "object_id": "19", "object_repr": "Order: Amazon 10 - Drug Screening", "action_flag": 1, "change_message": "[{\"added\": {}}]"}}, {"model": "admin.logentry", "pk": 266, "fields": {"action_time": "2022-02-09T00:08:08.057Z", "user": 1, "content_type": null, "object_id": "20", "object_repr": "Order: Amazon 15 - Drug Screening", "action_flag": 1, "change_message": "[{\"added\": {}}]"}}, {"model": "admin.logentry", "pk": 267, "fields": {"action_time": "2022-02-09T00:08:15.541Z", "user": 1, "content_type": null, "object_id": "21", "object_repr": "Order: Amazon 15 - Drug Screening", "action_flag": 1, "change_message": "[{\"added\": {}}]"}}, {"model": "admin.logentry", "pk": 268, "fields": {"action_time": "2022-02-09T00:08:22.412Z", "user": 1, "content_type": null, "object_id": "22", "object_repr": "Order: Amazon 16 - COVID-19 TEST", "action_flag": 1, "change_message": "[{\"added\": {}}]"}}, {"model": "admin.logentry", "pk": 269, "fields": {"action_time": "2022-02-09T00:08:27.463Z", "user": 1, "content_type": null, "object_id": "23", "object_repr": "Order: Amazon 17 - Regulatory Testing", "action_flag": 1, "change_message": "[{\"added\": {}}]"}}, {"model": "admin.logentry", "pk": 270, "fields": {"action_time": "2022-02-09T00:08:33.026Z", "user": 1, "content_type": null, "object_id": "24", "object_repr": "Order: Amazon 17 - Regulatory Testing", "action_flag": 1, "change_message": "[{\"added\": {}}]"}}, {"model": "admin.logentry", "pk": 271, "fields": {"action_time": "2022-02-09T00:08:43.572Z", "user": 1, "content_type": null, "object_id": "25", "object_repr": "Order: Amazon 17 - Composition Analysis", "action_flag": 1, "change_message": "[{\"added\": {}}]"}}, {"model": "admin.logentry", "pk": 272, "fields": {"action_time": "2022-02-09T00:08:53.050Z", "user": 1, "content_type": null, "object_id": "26", "object_repr": "Order: Troom 6 - Soil Quality Test", "action_flag": 1, "change_message": "[{\"added\": {}}]"}}, {"model": "admin.logentry", "pk": 273, "fields": {"action_time": "2022-02-09T00:08:59.996Z", "user": 1, "content_type": null, "object_id": "27", "object_repr": "Order: Troom 6 - Trace Metal Detection", "action_flag": 1, "change_message": "[{\"added\": {}}]"}}, {"model": "admin.logentry", "pk": 274, "fields": {"action_time": "2022-02-09T00:09:06.831Z", "user": 1, "content_type": null, "object_id": "28", "object_repr": "Order: Zroom 8 - Iron Level Test", "action_flag": 1, "change_message": "[{\"added\": {}}]"}}, {"model": "admin.logentry", "pk": 275, "fields": {"action_time": "2022-02-09T00:09:12.436Z", "user": 1, "content_type": null, "object_id": "29", "object_repr": "Order: Zroom 8 - Blood Type", "action_flag": 1, "change_message": "[{\"added\": {}}]"}}, {"model": "admin.logentry", "pk": 276, "fields": {"action_time": "2022-02-09T00:09:17.735Z", "user": 1, "content_type": null, "object_id": "30", "object_repr": "Order: Troom 6 - Complete Blood Count", "action_flag": 1, "change_message": "[{\"added\": {}}]"}}, {"model": "admin.logentry", "pk": 277, "fields": {"action_time": "2022-02-09T00:09:23.482Z", "user": 1, "content_type": null, "object_id": "31", "object_repr": "Order: Zroom 8 - Soil Quality Test", "action_flag": 1, "change_message": "[{\"added\": {}}]"}}, {"model": "admin.logentry", "pk": 278, "fields": {"action_time": "2022-02-09T00:09:30.984Z", "user": 1, "content_type": null, "object_id": "32", "object_repr": "Order: Zrooom 9 - Thyroid Panel", "action_flag": 1, "change_message": "[{\"added\": {}}]"}}, {"model": "admin.logentry", "pk": 279, "fields": {"action_time": "2022-02-09T00:09:36.553Z", "user": 1, "content_type": null, "object_id": "33", "object_repr": "Order: Zrooom 9 - Blood Type", "action_flag": 1, "change_message": "[{\"added\": {}}]"}}, {"model": "admin.logentry", "pk": 280, "fields": {"action_time": "2022-02-09T00:09:42.523Z", "user": 1, "content_type": null, "object_id": "34", "object_repr": "Order: Troom 21 - Thyroid Panel", "action_flag": 1, "change_message": "[{\"added\": {}}]"}}, {"model": "admin.logentry", "pk": 281, "fields": {"action_time": "2022-02-09T00:09:47.726Z", "user": 1, "content_type": null, "object_id": "35", "object_repr": "Order: Troom 22 - Regulatory Testing", "action_flag": 1, "change_message": "[{\"added\": {}}]"}}, {"model": "admin.logentry", "pk": 282, "fields": {"action_time": "2022-02-09T00:09:53.381Z", "user": 1, "content_type": null, "object_id": "36", "object_repr": "Order: Zroom 23 - Composition Analysis", "action_flag": 1, "change_message": "[{\"added\": {}}]"}}, {"model": "admin.logentry", "pk": 283, "fields": {"action_time": "2022-02-09T00:10:00.021Z", "user": 1, "content_type": null, "object_id": "37", "object_repr": "Order: Zroom 23 - Iron Level Test", "action_flag": 1, "change_message": "[{\"added\": {}}]"}}, {"model": "admin.logentry", "pk": 284, "fields": {"action_time": "2022-02-09T00:10:05.709Z", "user": 1, "content_type": null, "object_id": "38", "object_repr": "Order: Zroom 23 - Thyroid Panel", "action_flag": 1, "change_message": "[{\"added\": {}}]"}}, {"model": "admin.logentry", "pk": 285, "fields": {"action_time": "2022-02-09T00:10:15.465Z", "user": 1, "content_type": null, "object_id": "39", "object_repr": "Order: Kid Lab 11 - Iron Level Test", "action_flag": 1, "change_message": "[{\"added\": {}}]"}}, {"model": "admin.logentry", "pk": 286, "fields": {"action_time": "2022-02-09T00:10:20.970Z", "user": 1, "content_type": null, "object_id": "40", "object_repr": "Order: KidLabs 12 - Blood Type", "action_flag": 1, "change_message": "[{\"added\": {}}]"}}, {"model": "admin.logentry", "pk": 287, "fields": {"action_time": "2022-02-09T00:10:28.125Z", "user": 1, "content_type": null, "object_id": "41", "object_repr": "Order: Kid Lab 11 - Complete Blood Count", "action_flag": 1, "change_message": "[{\"added\": {}}]"}}, {"model": "admin.logentry", "pk": 288, "fields": {"action_time": "2022-02-09T00:10:34.048Z", "user": 1, "content_type": null, "object_id": "42", "object_repr": "Order: KidLabs 12 - Thyroid Panel", "action_flag": 1, "change_message": "[{\"added\": {}}]"}}, {"model": "admin.logentry", "pk": 289, "fields": {"action_time": "2022-02-09T00:10:43.419Z", "user": 1, "content_type": null, "object_id": "43", "object_repr": "Order: Kid Lab 24 - COVID-19 TEST", "action_flag": 1, "change_message": "[{\"added\": {}}]"}}, {"model": "admin.logentry", "pk": 290, "fields": {"action_time": "2022-02-09T00:11:03.945Z", "user": 1, "content_type": null, "object_id": "44", "object_repr": "Order: Amazon 4 - Composition Analysis", "action_flag": 1, "change_message": "[{\"added\": {}}]"}}, {"model": "admin.logentry", "pk": 291, "fields": {"action_time": "2022-02-09T00:11:18.660Z", "user": 1, "content_type": null, "object_id": "45", "object_repr": "Order: Adventure Capitalist 5 - Soil Quality Test", "action_flag": 1, "change_message": "[{\"added\": {}}]"}}, {"model": "admin.logentry", "pk": 292, "fields": {"action_time": "2022-02-09T00:11:38.758Z", "user": 1, "content_type": null, "object_id": "46", "object_repr": "Order: Amazon 10 - Drug Screening", "action_flag": 1, "change_message": "[{\"added\": {}}]"}}, {"model": "admin.logentry", "pk": 293, "fields": {"action_time": "2022-02-09T00:12:04.878Z", "user": 1, "content_type": null, "object_id": "47", "object_repr": "Order: Amazon 16 - COVID-19 TEST", "action_flag": 1, "change_message": "[{\"added\": {}}]"}}, {"model": "admin.logentry", "pk": 294, "fields": {"action_time": "2022-02-09T00:12:26.594Z", "user": 1, "content_type": null, "object_id": "48", "object_repr": "Order: Animaniacs 20 - Trace Metal Detection", "action_flag": 1, "change_message": "[{\"added\": {}}]"}}, {"model": "admin.logentry", "pk": 295, "fields": {"action_time": "2022-02-09T00:13:03.223Z", "user": 1, "content_type": null, "object_id": "49", "object_repr": "Order: Kid Lab 24 - Blood Type", "action_flag": 1, "change_message": "[{\"added\": {}}]"}}, {"model": "admin.logentry", "pk": 296, "fields": {"action_time": "2022-02-09T00:16:35.544Z", "user": 1, "content_type": null, "object_id": "1", "object_repr": "Order: Microsoft 2 Sample: SID 14 -> Nasal Swab", "action_flag": 2, "change_message": "[{\"changed\": {\"fields\": [\"Sample\"]}}]"}}, {"model": "admin.logentry", "pk": 297, "fields": {"action_time": "2022-02-09T00:17:00.145Z", "user": 1, "content_type": null, "object_id": "2", "object_repr": "Order: Microsoft 2 Sample: SID 14 -> Nasal Swab", "action_flag": 1, "change_message": "[{\"added\": {}}]"}}, {"model": "admin.logentry", "pk": 298, "fields": {"action_time": "2022-02-09T00:17:06.016Z", "user": 1, "content_type": null, "object_id": "2", "object_repr": "Order: Microsoft 2 Sample: SID 15 -> Nasal Swab", "action_flag": 2, "change_message": "[{\"changed\": {\"fields\": [\"Sample\"]}}]"}}, {"model": "admin.logentry", "pk": 299, "fields": {"action_time": "2022-02-09T00:17:43.185Z", "user": 1, "content_type": null, "object_id": "16", "object_repr": "SID 16 -> Nasal Swab", "action_flag": 1, "change_message": "[{\"added\": {}}]"}}, {"model": "admin.logentry", "pk": 300, "fields": {"action_time": "2022-02-09T00:17:52Z", "user": 1, "content_type": null, "object_id": "17", "object_repr": "SID 17 -> Nasal Swab", "action_flag": 1, "change_message": "[{\"added\": {}}]"}}, {"model": "admin.logentry", "pk": 301, "fields": {"action_time": "2022-02-09T00:18:04.740Z", "user": 1, "content_type": null, "object_id": "3", "object_repr": "Order: Microsoft 3 Sample: SID 16 -> Nasal Swab", "action_flag": 1, "change_message": "[{\"added\": {}}]"}}, {"model": "admin.logentry", "pk": 302, "fields": {"action_time": "2022-02-09T00:18:13.659Z", "user": 1, "content_type": null, "object_id": "4", "object_repr": "Order: Microsoft 3 Sample: SID 17 -> Nasal Swab", "action_flag": 1, "change_message": "[{\"added\": {}}]"}}, {"model": "admin.logentry", "pk": 303, "fields": {"action_time": "2022-02-09T00:18:42.416Z", "user": 1, "content_type": null, "object_id": "18", "object_repr": "SID 18 -> Environmental", "action_flag": 1, "change_message": "[{\"added\": {}}]"}}, {"model": "admin.logentry", "pk": 304, "fields": {"action_time": "2022-02-09T00:18:53.398Z", "user": 1, "content_type": null, "object_id": "19", "object_repr": "SID 19 -> Environmental", "action_flag": 1, "change_message": "[{\"added\": {}}]"}}, {"model": "admin.logentry", "pk": 305, "fields": {"action_time": "2022-02-09T00:19:19.647Z", "user": 1, "content_type": null, "object_id": "20", "object_repr": "SID 20 -> Environmental", "action_flag": 1, "change_message": "[{\"added\": {}}]"}}, {"model": "admin.logentry", "pk": 306, "fields": {"action_time": "2022-02-09T00:19:36.282Z", "user": 1, "content_type": null, "object_id": "21", "object_repr": "SID 21 -> Environmental", "action_flag": 1, "change_message": "[{\"added\": {}}]"}}, {"model": "admin.logentry", "pk": 307, "fields": {"action_time": "2022-02-09T00:19:46.596Z", "user": 1, "content_type": null, "object_id": "5", "object_repr": "Order: Animaniacs 0 Sample: SID 18 -> Environmental", "action_flag": 1, "change_message": "[{\"added\": {}}]"}}, {"model": "admin.logentry", "pk": 308, "fields": {"action_time": "2022-02-09T00:20:11.846Z", "user": 1, "content_type": null, "object_id": "6", "object_repr": "Order: Animaniacs 0 Sample: SID 19 -> Environmental", "action_flag": 1, "change_message": "[{\"added\": {}}]"}}, {"model": "admin.logentry", "pk": 309, "fields": {"action_time": "2022-02-09T00:20:30.131Z", "user": 1, "content_type": null, "object_id": "7", "object_repr": "Order: Animaniacs 1 Sample: SID 6 -> Chemical", "action_flag": 1, "change_message": "[{\"added\": {}}]"}}, {"model": "admin.logentry", "pk": 310, "fields": {"action_time": "2022-02-09T00:20:58.624Z", "user": 1, "content_type": null, "object_id": "8", "object_repr": "Order: Animaniacs 7 Sample: SID 20 -> Environmental", "action_flag": 1, "change_message": "[{\"added\": {}}]"}}, {"model": "admin.logentry", "pk": 311, "fields": {"action_time": "2022-02-09T00:21:21.313Z", "user": 1, "content_type": null, "object_id": "9", "object_repr": "Order: Animaniacs 7 Sample: SID 13 -> Urine", "action_flag": 1, "change_message": "[{\"added\": {}}]"}}, {"model": "admin.logentry", "pk": 312, "fields": {"action_time": "2022-02-09T00:21:34.770Z", "user": 1, "content_type": null, "object_id": "10", "object_repr": "Order: Animaniacs 7 Sample: SID 7 -> Chemical", "action_flag": 1, "change_message": "[{\"added\": {}}]"}}, {"model": "admin.logentry", "pk": 313, "fields": {"action_time": "2022-02-09T00:22:53.256Z", "user": 1, "content_type": null, "object_id": "11", "object_repr": "Order: Animaniacs 18 Sample: SID 5 -> Environmental", "action_flag": 1, "change_message": "[{\"added\": {}}]"}}, {"model": "admin.logentry", "pk": 314, "fields": {"action_time": "2022-02-09T00:28:42.227Z", "user": 1, "content_type": null, "object_id": "12", "object_repr": "Order: Microsoft 13 Sample: SID 12 -> Urine", "action_flag": 1, "change_message": "[{\"added\": {}}]"}}, {"model": "admin.logentry", "pk": 315, "fields": {"action_time": "2022-02-09T00:29:18.452Z", "user": 1, "content_type": null, "object_id": "13", "object_repr": "Order: Amazon 4 Sample: SID 1 -> medical", "action_flag": 1, "change_message": "[{\"added\": {}}]"}}, {"model": "admin.logentry", "pk": 316, "fields": {"action_time": "2022-02-09T00:29:33.627Z", "user": 1, "content_type": null, "object_id": "14", "object_repr": "Order: Kid Lab 11 Sample: SID 2 -> Blood", "action_flag": 1, "change_message": "[{\"added\": {}}]"}}, {"model": "admin.logentry", "pk": 317, "fields": {"action_time": "2022-02-09T00:29:54.049Z", "user": 1, "content_type": null, "object_id": "15", "object_repr": "Order: Amazon 4 Sample: SID 3 -> Dairy", "action_flag": 1, "change_message": "[{\"added\": {}}]"}}, {"model": "admin.logentry", "pk": 318, "fields": {"action_time": "2022-02-09T00:30:15.600Z", "user": 1, "content_type": null, "object_id": "16", "object_repr": "Order: Amazon 14 Sample: SID 4 -> Cosmetics", "action_flag": 1, "change_message": "[{\"added\": {}}]"}}, {"model": "admin.logentry", "pk": 319, "fields": {"action_time": "2022-02-09T00:30:32.917Z", "user": 1, "content_type": null, "object_id": "17", "object_repr": "Order: Amazon 4 Sample: SID 9 -> Chemical", "action_flag": 1, "change_message": "[{\"added\": {}}]"}}, {"model": "admin.logentry", "pk": 320, "fields": {"action_time": "2022-02-09T00:30:45.410Z", "user": 1, "content_type": null, "object_id": "17", "object_repr": "Order: Amazon 14 Sample: SID 9 -> Chemical", "action_flag": 2, "change_message": "[{\"changed\": {\"fields\": [\"Order\"]}}]"}}, {"model": "admin.logentry", "pk": 321, "fields": {"action_time": "2022-02-09T00:31:04.518Z", "user": 1, "content_type": null, "object_id": "18", "object_repr": "Order: Kid Lab 11 Sample: SID 8 -> Blood", "action_flag": 1, "change_message": "[{\"added\": {}}]"}}, {"model": "admin.logentry", "pk": 322, "fields": {"action_time": "2022-02-09T00:31:48.510Z", "user": 1, "content_type": null, "object_id": "19", "object_repr": "Order: Amazon 17 Sample: SID 10 -> Dairy", "action_flag": 1, "change_message": "[{\"added\": {}}]"}}, {"model": "admin.logentry", "pk": 323, "fields": {"action_time": "2022-02-09T00:32:04.116Z", "user": 1, "content_type": null, "object_id": "20", "object_repr": "Order: Amazon 17 Sample: SID 11 -> Cosmetics", "action_flag": 1, "change_message": "[{\"added\": {}}]"}}, {"model": "admin.logentry", "pk": 324, "fields": {"action_time": "2022-02-09T00:32:37.499Z", "user": 1, "content_type": null, "object_id": "21", "object_repr": "Order: Animaniacs 20 Sample: SID 21 -> Environmental", "action_flag": 1, "change_message": "[{\"added\": {}}]"}}, {"model": "admin.logentry", "pk": 325, "fields": {"action_time": "2022-02-09T00:33:06.276Z", "user": 1, "content_type": null, "object_id": "22", "object_repr": "SID 22 -> Nasal Swab", "action_flag": 1, "change_message": "[{\"added\": {}}]"}}, {"model": "admin.logentry", "pk": 326, "fields": {"action_time": "2022-02-09T00:33:17.625Z", "user": 1, "content_type": null, "object_id": "23", "object_repr": "SID 23 -> Nasal Swab", "action_flag": 1, "change_message": "[{\"added\": {}}]"}}, {"model": "admin.logentry", "pk": 327, "fields": {"action_time": "2022-02-09T00:33:27.230Z", "user": 1, "content_type": null, "object_id": "24", "object_repr": "SID 24 -> Nasal Swab", "action_flag": 1, "change_message": "[{\"added\": {}}]"}}, {"model": "admin.logentry", "pk": 328, "fields": {"action_time": "2022-02-09T00:33:37.748Z", "user": 1, "content_type": null, "object_id": "25", "object_repr": "SID 25 -> Nasal Swab", "action_flag": 1, "change_message": "[{\"added\": {}}]"}}, {"model": "admin.logentry", "pk": 329, "fields": {"action_time": "2022-02-09T00:33:46.576Z", "user": 1, "content_type": null, "object_id": "26", "object_repr": "SID 26 -> Nasal Swab", "action_flag": 1, "change_message": "[{\"added\": {}}]"}}, {"model": "admin.logentry", "pk": 330, "fields": {"action_time": "2022-02-09T00:34:04.215Z", "user": 1, "content_type": null, "object_id": "22", "object_repr": "Order: Kid Lab 24 Sample: SID 22 -> Nasal Swab", "action_flag": 1, "change_message": "[{\"added\": {}}]"}}, {"model": "admin.logentry", "pk": 331, "fields": {"action_time": "2022-02-09T00:34:15.029Z", "user": 1, "content_type": null, "object_id": "23", "object_repr": "Order: Animaniacs 20 Sample: SID 23 -> Nasal Swab", "action_flag": 1, "change_message": "[{\"added\": {}}]"}}, {"model": "admin.logentry", "pk": 332, "fields": {"action_time": "2022-02-09T00:34:31.158Z", "user": 1, "content_type": null, "object_id": "24", "object_repr": "Order: Amazon 10 Sample: SID 24 -> Nasal Swab", "action_flag": 1, "change_message": "[{\"added\": {}}]"}}, {"model": "admin.logentry", "pk": 333, "fields": {"action_time": "2022-02-09T00:34:40.685Z", "user": 1, "content_type": null, "object_id": "25", "object_repr": "Order: Amazon 16 Sample: SID 25 -> Nasal Swab", "action_flag": 1, "change_message": "[{\"added\": {}}]"}}, {"model": "admin.logentry", "pk": 334, "fields": {"action_time": "2022-02-09T00:34:50.748Z", "user": 1, "content_type": null, "object_id": "26", "object_repr": "Order: Amazon 16 Sample: SID 26 -> Nasal Swab", "action_flag": 1, "change_message": "[{\"added\": {}}]"}}, {"model": "admin.logentry", "pk": 335, "fields": {"action_time": "2022-02-09T00:35:11.988Z", "user": 1, "content_type": null, "object_id": "27", "object_repr": "SID 27 -> Environmental", "action_flag": 1, "change_message": "[{\"added\": {}}]"}}, {"model": "admin.logentry", "pk": 336, "fields": {"action_time": "2022-02-09T00:35:29.940Z", "user": 1, "content_type": null, "object_id": "28", "object_repr": "SID 28 -> Environmental", "action_flag": 1, "change_message": "[{\"added\": {}}]"}}, {"model": "admin.logentry", "pk": 337, "fields": {"action_time": "2022-02-09T00:35:42.276Z", "user": 1, "content_type": null, "object_id": "29", "object_repr": "SID 29 -> Environmental", "action_flag": 1, "change_message": "[{\"added\": {}}]"}}, {"model": "admin.logentry", "pk": 338, "fields": {"action_time": "2022-02-09T00:35:51.216Z", "user": 1, "content_type": null, "object_id": "30", "object_repr": "SID 30 -> Environmental", "action_flag": 1, "change_message": "[{\"added\": {}}]"}}, {"model": "admin.logentry", "pk": 339, "fields": {"action_time": "2022-02-09T00:36:01.114Z", "user": 1, "content_type": null, "object_id": "31", "object_repr": "SID 31 -> Environmental", "action_flag": 1, "change_message": "[{\"added\": {}}]"}}, {"model": "admin.logentry", "pk": 340, "fields": {"action_time": "2022-02-09T00:36:21.338Z", "user": 1, "content_type": null, "object_id": "27", "object_repr": "Order: Animaniacs 19 Sample: SID 27 -> Environmental", "action_flag": 1, "change_message": "[{\"added\": {}}]"}}, {"model": "admin.logentry", "pk": 341, "fields": {"action_time": "2022-02-09T00:36:31.947Z", "user": 1, "content_type": null, "object_id": "28", "object_repr": "Order: Adventure Capitalist 5 Sample: SID 28 -> Environmental", "action_flag": 1, "change_message": "[{\"added\": {}}]"}}, {"model": "admin.logentry", "pk": 342, "fields": {"action_time": "2022-02-09T00:36:46.714Z", "user": 1, "content_type": null, "object_id": "29", "object_repr": "Order: Troom 6 Sample: SID 29 -> Environmental", "action_flag": 1, "change_message": "[{\"added\": {}}]"}}, {"model": "admin.logentry", "pk": 343, "fields": {"action_time": "2022-02-09T00:37:01.593Z", "user": 1, "content_type": null, "object_id": "30", "object_repr": "Order: Troom 6 Sample: SID 30 -> Environmental", "action_flag": 1, "change_message": "[{\"added\": {}}]"}}, {"model": "admin.logentry", "pk": 344, "fields": {"action_time": "2022-02-09T00:37:13.020Z", "user": 1, "content_type": null, "object_id": "31", "object_repr": "Order: Zroom 8 Sample: SID 31 -> Environmental", "action_flag": 1, "change_message": "[{\"added\": {}}]"}}, {"model": "admin.logentry", "pk": 345, "fields": {"action_time": "2022-02-09T00:37:44.810Z", "user": 1, "content_type": null, "object_id": "32", "object_repr": "SID 32 -> Urine", "action_flag": 1, "change_message": "[{\"added\": {}}]"}}, {"model": "admin.logentry", "pk": 346, "fields": {"action_time": "2022-02-09T00:37:53.751Z", "user": 1, "content_type": null, "object_id": "33", "object_repr": "SID 33 -> Urine", "action_flag": 1, "change_message": "[{\"added\": {}}]"}}, {"model": "admin.logentry", "pk": 347, "fields": {"action_time": "2022-02-09T00:38:02.061Z", "user": 1, "content_type": null, "object_id": "34", "object_repr": "SID 34 -> Urine", "action_flag": 1, "change_message": "[{\"added\": {}}]"}}, {"model": "admin.logentry", "pk": 348, "fields": {"action_time": "2022-02-09T00:38:11.201Z", "user": 1, "content_type": null, "object_id": "35", "object_repr": "SID 35 -> Urine", "action_flag": 1, "change_message": "[{\"added\": {}}]"}}, {"model": "admin.logentry", "pk": 349, "fields": {"action_time": "2022-02-09T00:38:39.602Z", "user": 1, "content_type": null, "object_id": "36", "object_repr": "SID 36 -> Cosmetics", "action_flag": 1, "change_message": "[{\"added\": {}}]"}}, {"model": "admin.logentry", "pk": 350, "fields": {"action_time": "2022-02-09T00:38:53.527Z", "user": 1, "content_type": null, "object_id": "37", "object_repr": "SID 37 -> Cosmetics", "action_flag": 1, "change_message": "[{\"added\": {}}]"}}, {"model": "admin.logentry", "pk": 351, "fields": {"action_time": "2022-02-09T00:39:11.471Z", "user": 1, "content_type": null, "object_id": "32", "object_repr": "Order: Amazon 10 Sample: SID 32 -> Urine", "action_flag": 1, "change_message": "[{\"added\": {}}]"}}, {"model": "admin.logentry", "pk": 352, "fields": {"action_time": "2022-02-09T00:39:23.943Z", "user": 1, "content_type": null, "object_id": "33", "object_repr": "Order: Amazon 10 Sample: SID 33 -> Urine", "action_flag": 1, "change_message": "[{\"added\": {}}]"}}, {"model": "admin.logentry", "pk": 353, "fields": {"action_time": "2022-02-09T00:39:34.938Z", "user": 1, "content_type": null, "object_id": "34", "object_repr": "Order: Amazon 15 Sample: SID 34 -> Urine", "action_flag": 1, "change_message": "[{\"added\": {}}]"}}, {"model": "admin.logentry", "pk": 354, "fields": {"action_time": "2022-02-09T00:39:46.295Z", "user": 1, "content_type": null, "object_id": "35", "object_repr": "Order: Amazon 15 Sample: SID 35 -> Urine", "action_flag": 1, "change_message": "[{\"added\": {}}]"}}, {"model": "admin.logentry", "pk": 355, "fields": {"action_time": "2022-02-09T00:39:58.328Z", "user": 1, "content_type": null, "object_id": "36", "object_repr": "Order: Troom 22 Sample: SID 36 -> Cosmetics", "action_flag": 1, "change_message": "[{\"added\": {}}]"}}, {"model": "admin.logentry", "pk": 356, "fields": {"action_time": "2022-02-09T00:40:09.287Z", "user": 1, "content_type": null, "object_id": "37", "object_repr": "Order: Zroom 23 Sample: SID 37 -> Cosmetics", "action_flag": 1, "change_message": "[{\"added\": {}}]"}}, {"model": "admin.logentry", "pk": 357, "fields": {"action_time": "2022-02-09T00:40:26.210Z", "user": 1, "content_type": null, "object_id": "38", "object_repr": "SID 38 -> Blood", "action_flag": 1, "change_message": "[{\"added\": {}}]"}}, {"model": "admin.logentry", "pk": 358, "fields": {"action_time": "2022-02-09T00:40:39.971Z", "user": 1, "content_type": null, "object_id": "39", "object_repr": "SID 39 -> Blood", "action_flag": 1, "change_message": "[{\"added\": {}}]"}}, {"model": "admin.logentry", "pk": 359, "fields": {"action_time": "2022-02-09T00:40:52.391Z", "user": 1, "content_type": null, "object_id": "40", "object_repr": "SID 40 -> Blood", "action_flag": 1, "change_message": "[{\"added\": {}}]"}}, {"model": "admin.logentry", "pk": 360, "fields": {"action_time": "2022-02-09T00:41:00.469Z", "user": 1, "content_type": null, "object_id": "41", "object_repr": "SID 41 -> Blood", "action_flag": 1, "change_message": "[{\"added\": {}}]"}}, {"model": "admin.logentry", "pk": 361, "fields": {"action_time": "2022-02-09T00:41:09.516Z", "user": 1, "content_type": null, "object_id": "42", "object_repr": "SID 42 -> Blood", "action_flag": 1, "change_message": "[{\"added\": {}}]"}}, {"model": "admin.logentry", "pk": 362, "fields": {"action_time": "2022-02-09T00:41:17.210Z", "user": 1, "content_type": null, "object_id": "43", "object_repr": "SID 43 -> Blood", "action_flag": 1, "change_message": "[{\"added\": {}}]"}}, {"model": "admin.logentry", "pk": 363, "fields": {"action_time": "2022-02-09T00:41:24.210Z", "user": 1, "content_type": null, "object_id": "44", "object_repr": "SID 44 -> Blood", "action_flag": 1, "change_message": "[{\"added\": {}}]"}}, {"model": "admin.logentry", "pk": 364, "fields": {"action_time": "2022-02-09T00:41:32.443Z", "user": 1, "content_type": null, "object_id": "45", "object_repr": "SID 45 -> Blood", "action_flag": 1, "change_message": "[{\"added\": {}}]"}}, {"model": "admin.logentry", "pk": 365, "fields": {"action_time": "2022-02-09T00:41:39.195Z", "user": 1, "content_type": null, "object_id": "46", "object_repr": "SID 46 -> Blood", "action_flag": 1, "change_message": "[{\"added\": {}}]"}}, {"model": "admin.logentry", "pk": 366, "fields": {"action_time": "2022-02-09T00:41:45.587Z", "user": 1, "content_type": null, "object_id": "47", "object_repr": "SID 47 -> Blood", "action_flag": 1, "change_message": "[{\"added\": {}}]"}}, {"model": "admin.logentry", "pk": 367, "fields": {"action_time": "2022-02-09T00:41:52.162Z", "user": 1, "content_type": null, "object_id": "48", "object_repr": "SID 48 -> Blood", "action_flag": 1, "change_message": "[{\"added\": {}}]"}}, {"model": "admin.logentry", "pk": 368, "fields": {"action_time": "2022-02-09T00:41:59.413Z", "user": 1, "content_type": null, "object_id": "49", "object_repr": "SID 49 -> Blood", "action_flag": 1, "change_message": "[{\"added\": {}}]"}}, {"model": "admin.logentry", "pk": 369, "fields": {"action_time": "2022-02-09T00:42:14.604Z", "user": 1, "content_type": null, "object_id": "38", "object_repr": "Order: Troom 6 Sample: SID 38 -> Blood", "action_flag": 1, "change_message": "[{\"added\": {}}]"}}, {"model": "admin.logentry", "pk": 370, "fields": {"action_time": "2022-02-09T00:42:24.167Z", "user": 1, "content_type": null, "object_id": "39", "object_repr": "Order: Zroom 8 Sample: SID 39 -> Blood", "action_flag": 1, "change_message": "[{\"added\": {}}]"}}, {"model": "admin.logentry", "pk": 371, "fields": {"action_time": "2022-02-09T00:42:35.418Z", "user": 1, "content_type": null, "object_id": "40", "object_repr": "Order: Zroom 8 Sample: SID 40 -> Blood", "action_flag": 1, "change_message": "[{\"added\": {}}]"}}, {"model": "admin.logentry", "pk": 372, "fields": {"action_time": "2022-02-09T00:43:12.371Z", "user": 1, "content_type": null, "object_id": "41", "object_repr": "Order: Zrooom 9 Sample: SID 41 -> Blood", "action_flag": 1, "change_message": "[{\"added\": {}}]"}}, {"model": "admin.logentry", "pk": 373, "fields": {"action_time": "2022-02-09T00:43:25.411Z", "user": 1, "content_type": null, "object_id": "42", "object_repr": "Order: Zrooom 9 Sample: SID 42 -> Blood", "action_flag": 1, "change_message": "[{\"added\": {}}]"}}, {"model": "admin.logentry", "pk": 374, "fields": {"action_time": "2022-02-09T00:43:38.327Z", "user": 1, "content_type": null, "object_id": "43", "object_repr": "Order: Troom 21 Sample: SID 43 -> Blood", "action_flag": 1, "change_message": "[{\"added\": {}}]"}}, {"model": "admin.logentry", "pk": 375, "fields": {"action_time": "2022-02-09T00:43:47.995Z", "user": 1, "content_type": null, "object_id": "44", "object_repr": "Order: Zroom 23 Sample: SID 44 -> Blood", "action_flag": 1, "change_message": "[{\"added\": {}}]"}}, {"model": "admin.logentry", "pk": 376, "fields": {"action_time": "2022-02-09T00:44:08.944Z", "user": 1, "content_type": null, "object_id": "45", "object_repr": "Order: Zroom 23 Sample: SID 45 -> Blood", "action_flag": 1, "change_message": "[{\"added\": {}}]"}}, {"model": "admin.logentry", "pk": 377, "fields": {"action_time": "2022-02-09T00:44:18.389Z", "user": 1, "content_type": null, "object_id": "46", "object_repr": "Order: KidLabs 12 Sample: SID 46 -> Blood", "action_flag": 1, "change_message": "[{\"added\": {}}]"}}, {"model": "admin.logentry", "pk": 378, "fields": {"action_time": "2022-02-09T00:44:29.589Z", "user": 1, "content_type": null, "object_id": "47", "object_repr": "Order: KidLabs 12 Sample: SID 47 -> Blood", "action_flag": 1, "change_message": "[{\"added\": {}}]"}}, {"model": "admin.logentry", "pk": 379, "fields": {"action_time": "2022-02-09T00:44:38.830Z", "user": 1, "content_type": null, "object_id": "48", "object_repr": "Order: Kid Lab 24 Sample: SID 48 -> Blood", "action_flag": 1, "change_message": "[{\"added\": {}}]"}}, {"model": "admin.logentry", "pk": 380, "fields": {"action_time": "2022-02-09T00:45:02.712Z", "user": 1, "content_type": null, "object_id": "49", "object_repr": "SID 49 -> Blood", "action_flag": 3, "change_message": ""}}, {"model": "admin.logentry", "pk": 381, "fields": {"action_time": "2022-02-09T00:52:47.043Z", "user": 1, "content_type": null, "object_id": "1", "object_repr": "SID 1 -> medical in General Lab", "action_flag": 1, "change_message": "[{\"added\": {}}]"}}, {"model": "admin.logentry", "pk": 382, "fields": {"action_time": "2022-02-09T00:53:12.887Z", "user": 1, "content_type": null, "object_id": "2", "object_repr": "SID 3 -> Dairy in General Lab", "action_flag": 1, "change_message": "[{\"added\": {}}]"}}, {"model": "admin.logentry", "pk": 383, "fields": {"action_time": "2022-02-09T00:53:19.736Z", "user": 1, "content_type": null, "object_id": "1", "object_repr": "SID 1 -> medical in Biosafety Lab", "action_flag": 2, "change_message": "[{\"changed\": {\"fields\": [\"Lab location\"]}}]"}}, {"model": "admin.logentry", "pk": 384, "fields": {"action_time": "2022-02-09T00:53:37.622Z", "user": 1, "content_type": null, "object_id": "3", "object_repr": "SID 18 -> Environmental in Microbiology Lab", "action_flag": 1, "change_message": "[{\"added\": {}}]"}}, {"model": "admin.logentry", "pk": 385, "fields": {"action_time": "2022-02-09T00:53:44.503Z", "user": 1, "content_type": null, "object_id": "4", "object_repr": "SID 19 -> Environmental in Microbiology Lab", "action_flag": 1, "change_message": "[{\"added\": {}}]"}}, {"model": "admin.logentry", "pk": 386, "fields": {"action_time": "2022-02-09T00:53:53.909Z", "user": 1, "content_type": null, "object_id": "5", "object_repr": "SID 15 -> Nasal Swab in Biosafety Lab", "action_flag": 1, "change_message": "[{\"added\": {}}]"}}, {"model": "admin.logentry", "pk": 387, "fields": {"action_time": "2022-02-09T00:54:00.806Z", "user": 1, "content_type": null, "object_id": "6", "object_repr": "SID 14 -> Nasal Swab in Biosafety Lab", "action_flag": 1, "change_message": "[{\"added\": {}}]"}}, {"model": "admin.logentry", "pk": 388, "fields": {"action_time": "2022-02-09T00:54:12.489Z", "user": 1, "content_type": null, "object_id": "7", "object_repr": "SID 38 -> Blood in Clinical Lab", "action_flag": 1, "change_message": "[{\"added\": {}}]"}}, {"model": "admin.logentry", "pk": 389, "fields": {"action_time": "2022-02-09T00:54:26.877Z", "user": 1, "content_type": null, "object_id": "8", "object_repr": "SID 30 -> Environmental in Molecular Lab", "action_flag": 1, "change_message": "[{\"added\": {}}]"}}, {"model": "admin.logentry", "pk": 390, "fields": {"action_time": "2022-02-09T00:54:38.361Z", "user": 1, "content_type": null, "object_id": "9", "object_repr": "SID 29 -> Environmental in General Lab", "action_flag": 1, "change_message": "[{\"added\": {}}]"}}, {"model": "admin.logentry", "pk": 391, "fields": {"action_time": "2022-02-09T00:54:50.405Z", "user": 1, "content_type": null, "object_id": "10", "object_repr": "SID 31 -> Environmental in Microbiology Lab", "action_flag": 1, "change_message": "[{\"added\": {}}]"}}, {"model": "admin.logentry", "pk": 392, "fields": {"action_time": "2022-02-09T00:54:59.503Z", "user": 1, "content_type": null, "object_id": "11", "object_repr": "SID 40 -> Blood in Analytical Lab", "action_flag": 1, "change_message": "[{\"added\": {}}]"}}, {"model": "admin.logentry", "pk": 393, "fields": {"action_time": "2022-02-09T00:57:58.405Z", "user": 1, "content_type": null, "object_id": "12", "object_repr": "SID 39 -> Blood in Clinical Lab", "action_flag": 1, "change_message": "[{\"added\": {}}]"}}, {"model": "admin.logentry", "pk": 394, "fields": {"action_time": "2022-02-09T00:58:11.652Z", "user": 1, "content_type": null, "object_id": "13", "object_repr": "SID 42 -> Blood in General Lab", "action_flag": 1, "change_message": "[{\"added\": {}}]"}}, {"model": "admin.logentry", "pk": 395, "fields": {"action_time": "2022-02-09T00:58:21.228Z", "user": 1, "content_type": null, "object_id": "14", "object_repr": "SID 41 -> Blood in Molecular Lab", "action_flag": 1, "change_message": "[{\"added\": {}}]"}}, {"model": "admin.logentry", "pk": 396, "fields": {"action_time": "2022-02-09T00:58:36.318Z", "user": 1, "content_type": null, "object_id": "15", "object_repr": "SID 8 -> Blood in Clinical Lab", "action_flag": 1, "change_message": "[{\"added\": {}}]"}}, {"model": "admin.logentry", "pk": 397, "fields": {"action_time": "2022-02-09T00:58:42.461Z", "user": 1, "content_type": null, "object_id": "16", "object_repr": "SID 2 -> Blood in Clinical Lab", "action_flag": 1, "change_message": "[{\"added\": {}}]"}}, {"model": "admin.logentry", "pk": 398, "fields": {"action_time": "2022-02-09T00:59:21.920Z", "user": 1, "content_type": null, "object_id": "1", "object_repr": "Iron Level Test on Blood", "action_flag": 1, "change_message": "[{\"added\": {}}]"}}, {"model": "admin.logentry", "pk": 399, "fields": {"action_time": "2022-02-09T00:59:34.246Z", "user": 1, "content_type": null, "object_id": "2", "object_repr": "Complete Blood Count on Blood", "action_flag": 1, "change_message": "[{\"added\": {}}]"}}, {"model": "admin.logentry", "pk": 400, "fields": {"action_time": "2022-02-09T00:59:49.555Z", "user": 1, "content_type": null, "object_id": "3", "object_repr": "Composition Analysis on Dairy", "action_flag": 1, "change_message": "[{\"added\": {}}]"}}, {"model": "admin.logentry", "pk": 401, "fields": {"action_time": "2022-02-09T00:59:58.021Z", "user": 1, "content_type": null, "object_id": "4", "object_repr": "Regulatory Testing on medical", "action_flag": 1, "change_message": "[{\"added\": {}}]"}}, {"model": "admin.logentry", "pk": 402, "fields": {"action_time": "2022-02-09T01:00:08.194Z", "user": 1, "content_type": null, "object_id": "5", "object_repr": "COVID-19 TEST on Nasal Swab", "action_flag": 1, "change_message": "[{\"added\": {}}]"}}, {"model": "admin.logentry", "pk": 403, "fields": {"action_time": "2022-02-09T01:00:14.910Z", "user": 1, "content_type": null, "object_id": "6", "object_repr": "COVID-19 TEST on Nasal Swab", "action_flag": 1, "change_message": "[{\"added\": {}}]"}}, {"model": "admin.logentry", "pk": 404, "fields": {"action_time": "2022-02-09T01:00:45.119Z", "user": 1, "content_type": null, "object_id": "1", "object_repr": "Iron Level Test", "action_flag": 1, "change_message": "[{\"added\": {}}]"}}, {"model": "admin.logentry", "pk": 405, "fields": {"action_time": "2022-02-09T01:00:56.901Z", "user": 1, "content_type": null, "object_id": "2", "object_repr": "Complete Blood Count", "action_flag": 1, "change_message": "[{\"added\": {}}]"}}, {"model": "admin.logentry", "pk": 406, "fields": {"action_time": "2022-02-09T01:01:10.339Z", "user": 1, "content_type": null, "object_id": "3", "object_repr": "Composition Analysis", "action_flag": 1, "change_message": "[{\"added\": {}}]"}}, {"model": "admin.logentry", "pk": 407, "fields": {"action_time": "2022-02-09T01:01:19.449Z", "user": 1, "content_type": null, "object_id": "4", "object_repr": "COVID-19 TEST", "action_flag": 1, "change_message": "[{\"added\": {}}]"}}, {"model": "admin.logentry", "pk": 408, "fields": {"action_time": "2022-02-09T01:01:28.371Z", "user": 1, "content_type": null, "object_id": "5", "object_repr": "COVID-19 TEST", "action_flag": 1, "change_message": "[{\"added\": {}}]"}}, {"model": "admin.logentry", "pk": 409, "fields": {"action_time": "2022-02-09T01:01:34.794Z", "user": 1, "content_type": null, "object_id": "4", "object_repr": "COVID-19 TEST", "action_flag": 2, "change_message": "[]"}}, {"model": "admin.logentry", "pk": 410, "fields": {"action_time": "2022-02-09T01:01:41.145Z", "user": 1, "content_type": null, "object_id": "4", "object_repr": "COVID-19 TEST", "action_flag": 2, "change_message": "[]"}}, {"model": "admin.logentry", "pk": 411, "fields": {"action_time": "2022-02-09T01:01:44.914Z", "user": 1, "content_type": null, "object_id": "5", "object_repr": "COVID-19 TEST", "action_flag": 2, "change_message": "[]"}}, {"model": "admin.logentry", "pk": 412, "fields": {"action_time": "2022-02-09T01:02:36.703Z", "user": 1, "content_type": null, "object_id": "6", "object_repr": "Regulatory Testing", "action_flag": 1, "change_message": "[{\"added\": {}}]"}}, {"model": "admin.logentry", "pk": 413, "fields": {"action_time": "2022-02-10T06:29:14.337Z", "user": 1, "content_type": 91, "object_id": "1", "object_repr": "Pass", "action_flag": 1, "change_message": "[{\"added\": {}}]"}}, {"model": "admin.logentry", "pk": 414, "fields": {"action_time": "2022-02-14T06:13:23.503Z", "user": 1, "content_type": null, "object_id": "49", "object_repr": "SID 49 -> phone", "action_flag": 1, "change_message": "[{\"added\": {}}]"}}, {"model": "admin.logentry", "pk": 415, "fields": {"action_time": "2022-02-14T06:14:03.273Z", "user": 1, "content_type": null, "object_id": "7", "object_repr": "Distribution", "action_flag": 1, "change_message": "[{\"added\": {}}]"}}, {"model": "admin.logentry", "pk": 416, "fields": {"action_time": "2022-02-14T06:14:13.067Z", "user": 1, "content_type": null, "object_id": "17", "object_repr": "SID 49 -> phone in Distribution", "action_flag": 1, "change_message": "[{\"added\": {}}]"}}, {"model": "admin.logentry", "pk": 417, "fields": {"action_time": "2022-02-18T18:21:29.012Z", "user": 1, "content_type": 93, "object_id": "17", "object_repr": "SID 49 -> phone in Distribution", "action_flag": 3, "change_message": ""}}, {"model": "admin.logentry", "pk": 418, "fields": {"action_time": "2022-02-18T18:22:14.248Z", "user": 1, "content_type": 91, "object_id": "3", "object_repr": "SID 49 -> phone", "action_flag": 1, "change_message": "[{\"added\": {}}]"}}, {"model": "admin.logentry", "pk": 419, "fields": {"action_time": "2022-02-18T18:31:32.298Z", "user": 1, "content_type": 96, "object_id": "28", "object_repr": "Animaniacs 999", "action_flag": 1, "change_message": "[{\"added\": {}}]"}}, {"model": "admin.logentry", "pk": 420, "fields": {"action_time": "2022-02-18T18:31:41.812Z", "user": 1, "content_type": 95, "object_id": "51", "object_repr": "Animaniacs 999 Sample: SID 49 -> phone", "action_flag": 1, "change_message": "[{\"added\": {}}]"}}, {"model": "auth.group", "pk": 2, "fields": {"name": "Clients", "permissions": []}}, {"model": "auth.group", "pk": 3, "fields": {"name": "Lab admins", "permissions": []}}, {"model": "auth.group", "pk": 4, "fields": {"name": "Lab workers", "permissions": []}}, {"model": "auth.user", "pk": 1, "fields": {"password": "pbkdf2_sha256$260000$vP02AtkXbUqPDoyy1J7aTK$h92YqUASfqUw6c2zlWUbNAleLY4TzaFloiohv6UvKAo=", "last_login": "2022-02-10T04:11:25.470Z", "is_superuser": true, "username": "root", "first_name": "root", "last_name": "root", "email": "root@root.com", "is_staff": true, "is_active": true, "date_joined": "2021-10-21T23:25:56Z", "groups": [], "user_permissions": []}}, {"model": "auth.user", "pk": 2, "fields": {"password": "pbkdf2_sha256$260000$t6WTNGGmsPIhT3m6gvmgX2$PJC5woI5e6VYWNio0SPkbhHsPeXPy/3O3tueHoYA+bU=", "last_login": "2021-10-21T23:26:30.114Z", "is_superuser": false, "username": "sselincourt@gmail.com", "first_name": "", "last_name": "", "email": "", "is_staff": false, "is_active": true, "date_joined": "2021-10-21T23:26:20.927Z", "groups": [], "user_permissions": []}}, {"model": "auth.user", "pk": 3, "fields": {"password": "pbkdf2_sha256$260000$R3eOIZPB5gIZCDvegAAKcI$+GLpynEe/fuuzjGkoSCAd37/aQRfRnX84dwNjjjM8Sw=", "last_login": null, "is_superuser": false, "username": "escrooge", "first_name": "Ebenezer", "last_name": "Scrooge", "email": "bahumbug@email.com", "is_staff": false, "is_active": true, "date_joined": "2021-11-05T06:17:30Z", "groups": [2], "user_permissions": []}}, {"model": "auth.user", "pk": 4, "fields": {"password": "pbkdf2_sha256$260000$6SnbIQqBOywWbnK0o5twU8$wil68MQG5vcBhmOW5CdxZXnayUStK/idJcwhSJelj4g=", "last_login": null, "is_superuser": false, "username": "todinson", "first_name": "Tod", "last_name": "Todinson", "email": "tt@email.com", "is_staff": true, "is_active": true, "date_joined": "2021-11-05T06:18:26Z", "groups": [3], "user_permissions": []}}, {"model": "auth.user", "pk": 5, "fields": {"password": "pbkdf2_sha256$260000$eJkJjkJzUQ53PISQEuuaMr$Ilhyl5KppfusrJkQqrJjw23zqDSYyYkeNWkLKQvAOMo=", "last_login": null, "is_superuser": false, "username": "bwidow", "first_name": "Natasha", "last_name": "Romanoff", "email": "bwidow@avengers.com", "is_staff": true, "is_active": true, "date_joined": "2021-11-05T06:18:41Z", "groups": [3], "user_permissions": []}}, {"model": "auth.user", "pk": 6, "fields": {"password": "pbkdf2_sha256$260000$NSzIpCFFWbOuHLliVCHITc$hruvKl7d3HieewHVj8VnFd+7plzh9qj8t0fdJxjp2oU=", "last_login": null, "is_superuser": false, "username": "bgates", "first_name": "Bill", "last_name": "Gates", "email": "bgates@fakeemail.com", "is_staff": false, "is_active": true, "date_joined": "2021-11-05T06:19:24Z", "groups": [2], "user_permissions": []}}, {"model": "auth.user", "pk": 7, "fields": {"password": "pbkdf2_sha256$260000$I1m05nz0fWoXt8NE9YcCXs$aav8eikTgV+jz9POj45/Qt8s5ks7j+r4OBlTlz0UpV4=", "last_login": null, "is_superuser": false, "username": "jbezos", "first_name": "Jeff", "last_name": "Bezos", "email": "toomuchmoney@amazon.com", "is_staff": false, "is_active": true, "date_joined": "2021-11-05T06:19:34Z", "groups": [2], "user_permissions": []}}, {"model": "auth.user", "pk": 8, "fields": {"password": "pbkdf2_sha256$260000$gwnyG8KbwHhHvar52bPvbS$Gs/2cWMf9bxVxXzof3wr5OGiweFVNPNbu5sx8jENVsc=", "last_login": null, "is_superuser": false, "username": "jtest", "first_name": "Johnny", "last_name": "Test", "email": "jtest@wb.ca", "is_staff": true, "is_active": true, "date_joined": "2021-11-06T00:22:21Z", "groups": [4], "user_permissions": []}}, {"model": "auth.user", "pk": 9, "fields": {"password": "pbkdf2_sha256$260000$eSuS526aFODr9cvQJxSPeg$Eu4VpF7YZcIIwdUEUPwDu95tlN9LK2tTAw//xW1qMqQ=", "last_login": "2022-01-25T03:53:29Z", "is_superuser": false, "username": "vfrank", "first_name": "Victor", "last_name": "Frankenstein", "email": "vfrank@merryshelley.com", "is_staff": true, "is_active": true, "date_joined": "2021-11-12T23:01:18Z", "groups": [4], "user_permissions": []}}, {"model": "auth.user", "pk": 10, "fields": {"password": "pbkdf2_sha256$260000$1oqvSzjH3OUSzzNBP2GP1j$wMKcDMOChxT2HDeWogFEsIVhYIlNPznCYnzxx1f1iH0=", "last_login": "2022-01-22T04:38:03Z", "is_superuser": false, "username": "drjekyll", "first_name": "Henry", "last_name": "Jekyll", "email": "henryjekyll@doctor.com", "is_staff": true, "is_active": true, "date_joined": "2021-11-12T23:05:05Z", "groups": [3], "user_permissions": []}}, {"model": "auth.user", "pk": 11, "fields": {"password": "pbkdf2_sha256$260000$ODS5iTP7DEVJcctUKfxnMI$UxlWwE+BqOoeSZ0aA65ql+tvIr/9WtWzmgcVLxZNFm8=", "last_login": "2022-02-04T01:05:56Z", "is_superuser": false, "username": "thebrain", "first_name": "The", "last_name": "Brain", "email": "thebrain@wb.com", "is_staff": false, "is_active": true, "date_joined": "2021-11-12T23:08:34Z", "groups": [2], "user_permissions": []}}, {"model": "auth.user", "pk": 12, "fields": {"password": "pbkdf2_sha256$260000$w2VaapGdEpyR641nWe6kpU$oAXbiu5vAc7OOEsvEk9z0g/juM3rpF2It6KND9IodBM=", "last_login": null, "is_superuser": false, "username": "mills", "first_name": "Maura", "last_name": "Mills", "email": "mmills@troom.com", "is_staff": false, "is_active": true, "date_joined": "2022-02-08T23:13:14Z", "groups": [2], "user_permissions": []}}, {"model": "auth.user", "pk": 13, "fields": {"password": "pbkdf2_sha256$260000$GaGluW12MQYvSWJH3WhT0O$bBPN+C4lgQhAC9HiHFSPKZxBpieXFZJghdrRcSkuunQ=", "last_login": null, "is_superuser": false, "username": "byron", "first_name": "Byron", "last_name": "Underwood", "email": "bunderwood@troom.com", "is_staff": false, "is_active": true, "date_joined": "2022-02-08T23:15:46Z", "groups": [2], "user_permissions": []}}, {"model": "auth.user", "pk": 14, "fields": {"password": "pbkdf2_sha256$260000$hT6yEyGcKQZzz6lGeRLy6d$3Tg92zC1/T7ifMlDR9Ev1RXP6on+fxPqxN6GkcB8G9A=", "last_login": null, "is_superuser": false, "username": "rad_lucas", "first_name": "Lucas", "last_name": "Radcliff", "email": "lradcliff@zroom.com", "is_staff": false, "is_active": true, "date_joined": "2022-02-08T23:17:39Z", "groups": [2], "user_permissions": []}}, {"model": "auth.user", "pk": 15, "fields": {"password": "pbkdf2_sha256$260000$gAx0LhULv04LIqGIxapBOQ$FQ3HbMyrrr9x2SHRmKQOzxl5QYXOJv559lV/Xrf4zrI=", "last_login": null, "is_superuser": false, "username": "thomas", "first_name": "Thomas", "last_name": "Haden", "email": "thaden@kidlab.com", "is_staff": false, "is_active": true, "date_joined": "2022-02-08T23:18:45Z", "groups": [2], "user_permissions": []}}, {"model": "auth.user", "pk": 16, "fields": {"password": "pbkdf2_sha256$260000$IukxtLEz1ocwHhGI3KL899$8Bpfh5HzvvR7xXJIMye9B39oF0meDh/a5Hc7F7ab8wk=", "last_login": null, "is_superuser": false, "username": "zoeF", "first_name": "Zoe", "last_name": "Fabian", "email": "zfabian@kidlab.com", "is_staff": false, "is_active": true, "date_joined": "2022-02-08T23:20:14Z", "groups": [2], "user_permissions": []}}, {"model": "auth.user", "pk": 17, "fields": {"password": "pbkdf2_sha256$260000$hynJdDJloLDfUn7O2STDrr$MORJDzN20u2g8tyZXWQSVpBa93iNuVX70voX5XfSCVs=", "last_login": null, "is_superuser": false, "username": "scully", "first_name": "Dana", "last_name": "Scully", "email": "dana@xfile.com", "is_staff": true, "is_active": true, "date_joined": "2022-02-08T23:21:12Z", "groups": [4], "user_permissions": []}}, {"model": "auth.user", "pk": 18, "fields": {"password": "pbkdf2_sha256$260000$oMpaLPIrnDt8I4ExMVSXme$+XDr5oSwm3GUMLV6IqEnF03MzcHN5yVmehdac1qJI/0=", "last_login": null, "is_superuser": false, "username": "mulder", "first_name": "Fox", "last_name": "Mulder", "email": "fmulder@xfile.com", "is_staff": true, "is_active": true, "date_joined": "2022-02-08T23:22:11Z", "groups": [4], "user_permissions": []}}, {"model": "auth.user", "pk": 19, "fields": {"password": "pbkdf2_sha256$260000$5K9LHNEyBi8LcUzeL6fSbl$Pc5r8H1ogNq15NQJc3tqwSVt058oF1nkPC6Ui387JiM=", "last_login": null, "is_superuser": false, "username": "blackburn", "first_name": "Eva", "last_name": "Blackburn", "email": "eblackburn@kidlabs.com", "is_staff": true, "is_active": true, "date_joined": "2022-02-08T23:23:14Z", "groups": [4], "user_permissions": []}}, {"model": "auth.user", "pk": 20, "fields": {"password": "pbkdf2_sha256$260000$a0HalHYnzmIfMqaqdwo1cz$Qd9sUvVB7d7LeNv+2NCjuQbpIMcNB0IjJhKX3cTNHq8=", "last_login": null, "is_superuser": false, "username": "nate", "first_name": "Nathaniel", "last_name": "Hanley", "email": "nhanley@kidlabs.com", "is_staff": false, "is_active": true, "date_joined": "2022-02-08T23:29:59Z", "groups": [2], "user_permissions": []}}, {"model": "auth.user", "pk": 21, "fields": {"password": "pbkdf2_sha256$260000$DCG9l7MbetUhA3KHFQTviI$5MejMBa/5vDviP+QvnuiX68dm1i7OIAc9zEFyDdCPOk=", "last_login": null, "is_superuser": false, "username": "adamson", "first_name": "Catherine", "last_name": "Adamson", "email": "cadamson@bionix.com", "is_staff": true, "is_active": true, "date_joined": "2022-02-08T23:31:09Z", "groups": [3], "user_permissions": []}}, {"model": "auth.user", "pk": 22, "fields": {"password": "pbkdf2_sha256$260000$ZWxiZbUiMfpxTKpgtmOwZA$GxNqBlwTiCw8X6++Ql/Z/DSbAvlDb0c6BBws1StCt3E=", "last_login": null, "is_superuser": false, "username": "penn", "first_name": "Hector", "last_name": "Penn", "email": "hpenn@bionix.com", "is_staff": true, "is_active": true, "date_joined": "2022-02-08T23:32:30Z", "groups": [3], "user_permissions": []}}, {"model": "contenttypes.contenttype", "pk": 91, "fields": {"app_label": "laboratoryOrders", "model": "sampleinspection"}}, {"model": "contenttypes.contenttype", "pk": 92, "fields": {"app_label": "laboratoryOrders", "model": "testresult"}}, {"model": "contenttypes.contenttype", "pk": 93, "fields": {"app_label": "laboratoryOrders", "model": "labsample"}}, {"model": "contenttypes.contenttype", "pk": 94, "fields": {"app_label": "laboratoryOrders", "model": "sample"}}, {"model": "contenttypes.contenttype", "pk": 95, "fields": {"app_label": "laboratoryOrders", "model": "ordersample"}}, {"model": "contenttypes.contenttype", "pk": 96, "fields": {"app_label": "orders", "model": "order"}}, {"model": "sessions.session", "pk": "2f3lidmf2qtdgrrnf46m8xo1t6szeek8", "fields": {"session_data": ".eJxVjEEOwiAQRe_C2hDKdAp16d4zkIEZpGpoUtqV8e7apAvd_vfef6lA21rC1mQJE6uz6tTpd4uUHlJ3wHeqt1mnua7LFPWu6IM2fZ1ZnpfD_Tso1Mq39n4A6LMhGcGiyYjcOUyULHhPCANH8TYTRmHi0Qma6Pssliw5sEm9P9m_ODE:1nFJYu:NJrxy1LRYOKNv_VXHybOFhqe-J_g_u1-thfrMJXaLKA", "expire_date": "2022-02-16T17:36:56.607Z"}}, {"model": "sessions.session", "pk": "7qiu1l5tjjip3ctb2u6yx7zasb6frh0d", "fields": {"session_data": ".eJxVjDsOwjAQBe_iGlneJP5R0ucM1np3jQMokfKpEHcnkVJA-2bmvVXCba1pW2ROA6urAlCX3zEjPWU8CD9wvE-apnGdh6wPRZ900f3E8rqd7t9BxaXutS3WhQ6dtNEbaIOJvpimY2N9zBKKJ2nQGWDGBjIhUEsoYCOT7EZRny_vmzhj:1nCYEx:1ApLdFBwH6RsFcyreQ-Mvp4xjj1wSruddRC_SIoBqsk", "expire_date": "2022-02-09T02:40:55.583Z"}}, {"model": "sessions.session", "pk": "9auzhr847n83ltlcmicoz6gbc1xxqtei", "fields": {"session_data": ".eJxVjDEOwyAQBP9CHSGDDdylTO83IOCO4CTCkrGrKH-PLblIim12ZvctfNjW4rfGi59IXIUSl98uhvTkegB6hHqfZZrrukxRHoo8aZPjTPy6ne7fQQmt7GtAq5Gt0xQJIHNn0GjHTgXqI4YOMzBwb_OQUSW9J4FhjAPbzJii-HwB4Tw4aw:1nHZXY:UXxtb7ZiQYYvfnBPrwlLVnEkGDUgJmehXF_TVLNcp3A", "expire_date": "2022-02-22T23:04:52.526Z"}}, {"model": "sessions.session", "pk": "a3oz28ali83pctcak7lgo1imido3ya8m", "fields": {"session_data": ".eJxVjMsOwiAQRf-FtSEDlJdL934DgWGQqoGktCvjv2uTLnR7zzn3xULc1hq2QUuYMzszz06_W4r4oLaDfI_t1jn2ti5z4rvCDzr4tWd6Xg7376DGUb-1lYa0Uc5hhJRQAglHEScLGbWyBrIHlUhoUNJhEThl0uSLRkqWimfvD-WuOGk:1nA15F:xzHko2YmjZK6Cq-mTYMlsQeR6Qp61ROokoB2KVQCXto", "expire_date": "2022-02-02T02:52:25.802Z"}}, {"model": "sessions.session", "pk": "be8fxjeqi6m2qsq69noixd1wp1l9gwoy", "fields": {"session_data": ".eJxVjDsOwyAQRO9CHSF-Zk3K9D4DWhYITiKQjF1FuXtsyUVSjTTvzbyZx20tfutp8XNkVybZ5bcLSM9UDxAfWO-NU6vrMgd-KPyknU8tptftdP8OCvayr9ElBUEPaMhoUCKOwhmLltwIGghgkFqCzjmAUiJblDaQ3VMrQwqAfb7BMDbo:1nKx7h:WVtjhD5yCg9C6sv-Q4xqiG4ooV506Nx_B5P588CPGzc", "expire_date": "2022-03-04T06:52:09.138Z"}}, {"model": "sessions.session", "pk": "csx7o8slnpz10zf02wit3bi9cpmx85za", "fields": {"session_data": ".eJxVjDsOwjAQBe_iGlneJP5R0ucM1np3jQMokfKpEHcnkVJA-2bmvVXCba1pW2ROA6urAlCX3zEjPWU8CD9wvE-apnGdh6wPRZ900f3E8rqd7t9BxaXutS3WhQ6dtNEbaIOJvpimY2N9zBKKJ2nQGWDGBjIhUEsoYCOT7EZRny_vmzhj:1mp2cx:LheW4sfzHJolwaPCoVtNv78C_hhhXgi7iC_ZMlRjYgY", "expire_date": "2021-12-06T06:16:31.155Z"}}, {"model": "sessions.session", "pk": "di1q2iuqgbvp40hbekyvy8ggmblk5ouf", "fields": {"session_data": ".eJxVjMsOwiAQRf-FtSEgb5fu-w0EZgapGkhKuzL-uzbpQrf3nHNfLKZtrXEbtMQZ2YVJdvrdcoIHtR3gPbVb59DbusyZ7wo_6OBTR3peD_fvoKZRv_W5aFCE3gfvrBdBoJUQikeHHjQZsEYLRFsUgjOgg3JFUrJFo8Ccgb0_5Gc4hg:1misWP:g5EazLeO6RlxdfRU43uIA_Eyw4q_BFxxWZmw9NzmgiU", "expire_date": "2021-11-19T06:16:17.789Z"}}, {"model": "sessions.session", "pk": "jkycjjm5qusnkmbz7cjh82vmtgrcuvut", "fields": {"session_data": ".eJxVjDEOwyAQBP9CHSGDDdylTO83IOCO4CTCkrGrKH-PLblIim12ZvctfNjW4rfGi59IXIUSl98uhvTkegB6hHqfZZrrukxRHoo8aZPjTPy6ne7fQQmt7GtAq5Gt0xQJIHNn0GjHTgXqI4YOMzBwb_OQUSW9J4FhjAPbzJii-HwB4Tw4aw:1mlfBe:zvgfpND-SzdfWTuyjuJ8XJWzQTsgu4bKo8VIJC5xKQQ", "expire_date": "2021-11-26T22:38:22.380Z"}}, {"model": "sessions.session", "pk": "jssta0x4qs66e6o6030n18b4qsk098qo", "fields": {"session_data": ".eJxVjDsOwyAQRO9CHSF-Zk3K9D4DWhYITiKQjF1FuXtsyUVSjTTvzbyZx20tfutp8XNkVybZ5bcLSM9UDxAfWO-NU6vrMgd-KPyknU8tptftdP8OCvayr9ElBUEPaMhoUCKOwhmLltwIGghgkFqCzjmAUiJblDaQ3VMrQwqAfb7BMDbo:1nI0nl:Uwzw_0jxKqeKPXf--VqkHVu7uAMJhe9ikh3Fy3ZNvCI", "expire_date": "2022-02-24T04:11:25.511Z"}}, {"model": "sessions.session", "pk": "kr7s76ejnc6zxa9rt523a1e6fbdwuwnb", "fields": {"session_data": ".eJxVjMsOwiAQRf-FtSEgb5fu-w0EZgapGkhKuzL-uzbpQrf3nHNfLKZtrXEbtMQZ2YVJdvrdcoIHtR3gPbVb59DbusyZ7wo_6OBTR3peD_fvoKZRv_W5aFCE3gfvrBdBoJUQikeHHjQZsEYLRFsUgjOgg3JFUrJFo8Ccgb0_5Gc4hg:1nAQmU:Cc0MSaswM0QK8MmIrhqW1Tf8ol_4PIlnI0s_cYIeLp0", "expire_date": "2022-02-03T06:18:46.652Z"}}, {"model": "sessions.session", "pk": "whde4hnzx8kx7on0w2dbwqsacj5zcrb2", "fields": {"session_data": ".eJxVjEEOwiAQRe_C2pAOFAou3XsGMsyAVA0kpV0Z765NutDtf-_9lwi4rSVsPS1hZnEWAOL0O0akR6o74TvWW5PU6rrMUe6KPGiX18bpeTncv4OCvXxr57zyCYBA8WQckdGGUWt2hh1QhtFGNeTJaFYwGg8YfcxolUUeEnnx_gDuUjfT:1nFoG1:-uAYzSAsza3cWJ4Ept78MnNb7Mcn33ykz4qCMxcY-5w", "expire_date": "2022-02-18T02:23:29.973Z"}}, {"model": "sessions.session", "pk": "wwlz288lc649j1dig5t81l88hphf4gyl", "fields": {"session_data": ".eJxVjEEOwiAQRe_C2pAOFAou3XsGMsyAVA0kpV0Z765NutDtf-_9lwi4rSVsPS1hZnEWAOL0O0akR6o74TvWW5PU6rrMUe6KPGiX18bpeTncv4OCvXxr57zyCYBA8WQckdGGUWt2hh1QhtFGNeTJaFYwGg8YfcxolUUeEnnx_gDuUjfT:1nFn2y:RWUGSf3psPc1p1DBdJ-xaGAFMNtM6zzujczz36pQ4Ek", "expire_date": "2022-02-18T01:05:56.679Z"}}, {"model": "sessions.session", "pk": "xz4phikopx3djvie1w1qzcziindfg6o8", "fields": {"session_data": ".eJxVjMEOwiAQRP-FsyFsVyh49O43EJYFqRqalPZk_Hdp0oPeJjPvzVv4sK3Fby0tfmJxEU6cfjsK8ZnqPvAj1Pss41zXZSK5I_JYm7zNnF7Xg_07KKGVbquBGRUS5e5osGzhDDDGQErnDCbkAaIyZiTDKRFCT84hWgZlNZL4fAH21zft:1nIIDo:Bsb-GLhKOiSfm4p6EDhwqs9Mxs7PcHvdvyFj1KPR_HQ", "expire_date": "2022-02-24T22:47:28.902Z"}}, {"model": "accounts.client", "pk": 1, "fields": {"company_name": "Microsoft", "contact_person": "Bill Gates", "phone_number": "8426358974", "address": "1 Microsoft Drive", "account_number": 4, "user": 6}}, {"model": "accounts.client", "pk": 2, "fields": {"company_name": "Amazon", "contact_person": "Jeff Bezos", "phone_number": "6666666666", "address": "1 Amazon Drive", "account_number": 2, "user": 7}}, {"model": "accounts.client", "pk": 3, "fields": {"company_name": "Adventure Capitalist", "contact_person": "Scrooge McDuck", "phone_number": "2505551234", "address": "123 Disney Way", "account_number": 1, "user": 3}}, {"model": "accounts.client", "pk": 4, "fields": {"company_name": "Animaniacs", "contact_person": "The Brain", "phone_number": "2505551234", "address": "1234 Warner Brothers Road", "account_number": 0, "user": 11}}, {"model": "accounts.client", "pk": 5, "fields": {"company_name": "Troom", "contact_person": "Byron Underwood", "phone_number": "6045551234", "address": "123 Street St", "account_number": 5, "user": 13}}, {"model": "accounts.client", "pk": 6, "fields": {"company_name": "Zroom", "contact_person": "Maura Mills", "phone_number": "123456789", "address": "123 Road rd", "account_number": 6, "user": 12}}, {"model": "accounts.client", "pk": 7, "fields": {"company_name": "Zrooom", "contact_person": "Lucas Radcliff", "phone_number": "098765432", "address": "123 Cresent Ct", "account_number": 7, "user": 14}}, {"model": "accounts.client", "pk": 8, "fields": {"company_name": "Kid Lab", "contact_person": "Thomas Haden", "phone_number": "086421357", "address": "123 Drive dr", "account_number": 8, "user": 15}}, {"model": "accounts.client", "pk": 9, "fields": {"company_name": "Kid Labs", "contact_person": "Zoe Fabian", "phone_number": "086429753", "address": "123 Way way", "account_number": 9, "user": 16}}, {"model": "accounts.client", "pk": 10, "fields": {"company_name": "KidLabs", "contact_person": "Nate Hanley", "phone_number": "102938475", "address": "123 Avenue Ave", "account_number": 10, "user": 20}}, {"model": "accounts.labworker", "pk": 1, "fields": {"job_title": "Laboratory Technician", "user": 8}}, {"model": "accounts.labworker", "pk": 2, "fields": {"job_title": "Laboratory Assistant", "user": 9}}, {"model": "accounts.labworker", "pk": 3, "fields": {"job_title": "Laboratory Assistant", "user": 19}}, {"model": "accounts.labworker", "pk": 4, "fields": {"job_title": "Laboratory Assistant", "user": 18}}, {"model": "accounts.labworker", "pk": 5, "fields": {"job_title": "Laboratory Assistant", "user": 17}}, {"model": "accounts.labadmin", "pk": 1, "fields": {"job_title": "Laboratory Manager", "user": 4}}, {"model": "accounts.labadmin", "pk": 2, "fields": {"job_title": "Laboratory Director", "user": 5}}, {"model": "accounts.labadmin", "pk": 3, "fields": {"job_title": "Head Of Testing", "user": 10}}, {"model": "accounts.labadmin", "pk": 4, "fields": {"job_title": "Laboratory Director", "user": 21}}, {"model": "accounts.labadmin", "pk": 5, "fields": {"job_title": "Laboratory Director", "user": 22}}, {"model": "laboratory.location", "pk": 1, "fields": {"name": "Microbiology Lab", "code": "M"}}, {"model": "laboratory.location", "pk": 2, "fields": {"name": "Analytical Lab", "code": "A"}}, {"model": "laboratory.location", "pk": 3, "fields": {"name": "Biosafety Lab", "code": "B"}}, {"model": "laboratory.location", "pk": 4, "fields": {"name": "Clinical Lab", "code": "C"}}, {"model": "laboratory.location", "pk": 5, "fields": {"name": "General Lab", "code": "G"}}, {"model": "laboratory.location", "pk": 6, "fields": {"name": "Molecular Lab", "code": "Mo"}}, {"model": "laboratory.location", "pk": 7, "fields": {"name": "Distribution", "code": "D"}}, {"model": "laboratory.instrument", "pk": 1, "fields": {"type": "Microscope", "location": 1}}, {"model": "laboratory.instrument", "pk": 2, "fields": {"type": "Centrifuge", "location": 1}}, {"model": "laboratory.instrument", "pk": 3, "fields": {"type": "PCR Machine", "location": 2}}, {"model": "laboratory.test", "pk": 1, "fields": {"name": "Soil Quality Test", "sample_type": "Environmental", "code": "1A1A", "cost": 0.0, "rush": false, "time_taken": 0}}, {"model": "laboratory.test", "pk": 2, "fields": {"name": "Trace Metal Detection", "sample_type": "Medical", "code": "F7EI", "cost": 0.0, "rush": false, "time_taken": 0}}, {"model": "laboratory.test", "pk": 3, "fields": {"name": "Iron Level Test", "sample_type": "Medical", "code": "FeLevels", "cost": 0.0, "rush": false, "time_taken": 0}}, {"model": "laboratory.test", "pk": 4, "fields": {"name": "Blood Type", "sample_type": "Medical", "code": "bloodtype", "cost": 0.0, "rush": false, "time_taken": 0}}, {"model": "laboratory.test", "pk": 5, "fields": {"name": "Thyroid Panel", "sample_type": "Medical", "code": "thyroid-panel", "cost": 0.0, "rush": false, "time_taken": 0}}, {"model": "laboratory.test", "pk": 6, "fields": {"name": "Complete Blood Count", "sample_type": "Blood", "code": "324", "cost": 10.0, "rush": false, "time_taken": 1}}, {"model": "laboratory.test", "pk": 7, "fields": {"name": "Composition Analysis", "sample_type": "Chemical", "code": "3456", "cost": 23.0, "rush": false, "time_taken": 4}}, {"model": "laboratory.test", "pk": 8, "fields": {"name": "Regulatory Testing", "sample_type": "Chemical", "code": "435REFD", "cost": 324.0, "rush": false, "time_taken": 6}}, {"model": "laboratory.test", "pk": 9, "fields": {"name": "Drug Screening", "sample_type": "Urine", "code": "34FE", "cost": 3.0, "rush": false, "time_taken": 2}}, {"model": "laboratory.test", "pk": 10, "fields": {"name": "COVID-19 TEST", "sample_type": "Nasal Swab", "code": "C19", "cost": 345.0, "rush": false, "time_taken": 1}}, {"model": "laboratory.testinstrument", "pk": 1, "fields": {"test_id": 1, "instrument": 1}}, {"model": "laboratory.inventoryitem", "pk": 1, "fields": {"type": "Test Tubes", "status": "Received", "estimated_quantity": 0, "quantity_unit": "10", "usage_rate": 0, "usage_rate_unit": "5", "estimated_need": 0}}, {"model": "laboratory.inventoryitem", "pk": 2, "fields": {"type": "Cotton Swabs", "status": "shipping", "estimated_quantity": 0, "quantity_unit": "100", "usage_rate": 0, "usage_rate_unit": "3", "estimated_need": 0}}, {"model": "laboratory.image", "pk": 1, "fields": {"image": "uploads/images/S-2-1_barcode.jpg"}}, {"model": "orders.package", "pk": 1, "fields": {"name": "Returned Soil Sample"}}, {"model": "orders.package", "pk": 2, "fields": {"name": "Blood Work Up"}}, {"model": "orders.package", "pk": 3, "fields": {"name": "Urine Full Work Up"}}, {"model": "orders.package", "pk": 4, "fields": {"name": "Everything But The Kitchen Sink"}}, {"model": "orders.package", "pk": 5, "fields": {"name": "The Basics"}}, {"model": "orders.order", "pk": 1, "fields": {"order_number": 2, "account_number": 1, "submission_date": "2021-11-22"}}, {"model": "orders.order", "pk": 2, "fields": {"order_number": 1, "account_number": 4, "submission_date": "2021-11-22"}}, {"model": "orders.order", "pk": 3, "fields": {"order_number": 0, "account_number": 4, "submission_date": "2021-11-22"}}, {"model": "orders.order", "pk": 4, "fields": {"order_number": 3, "account_number": 1, "submission_date": "2022-02-08"}}, {"model": "orders.order", "pk": 5, "fields": {"order_number": 4, "account_number": 2, "submission_date": "2022-02-08"}}, {"model": "orders.order", "pk": 6, "fields": {"order_number": 5, "account_number": 3, "submission_date": "2022-01-11"}}, {"model": "orders.order", "pk": 7, "fields": {"order_number": 7, "account_number": 4, "submission_date": "2022-01-10"}}, {"model": "orders.order", "pk": 8, "fields": {"order_number": 6, "account_number": 5, "submission_date": "2022-01-19"}}, {"model": "orders.order", "pk": 9, "fields": {"order_number": 8, "account_number": 6, "submission_date": "2022-01-18"}}, {"model": "orders.order", "pk": 10, "fields": {"order_number": 9, "account_number": 7, "submission_date": "2021-12-13"}}, {"model": "orders.order", "pk": 11, "fields": {"order_number": 11, "account_number": 8, "submission_date": "2021-11-16"}}, {"model": "orders.order", "pk": 12, "fields": {"order_number": 12, "account_number": 10, "submission_date": "2021-11-23"}}, {"model": "orders.order", "pk": 13, "fields": {"order_number": 13, "account_number": 1, "submission_date": "2022-01-11"}}, {"model": "orders.order", "pk": 14, "fields": {"order_number": 14, "account_number": 2, "submission_date": "2022-01-11"}}, {"model": "orders.order", "pk": 15, "fields": {"order_number": 10, "account_number": 2, "submission_date": "2022-01-27"}}, {"model": "orders.order", "pk": 16, "fields": {"order_number": 15, "account_number": 2, "submission_date": "2022-01-25"}}, {"model": "orders.order", "pk": 17, "fields": {"order_number": 16, "account_number": 2, "submission_date": "2022-01-18"}}, {"model": "orders.order", "pk": 18, "fields": {"order_number": 17, "account_number": 2, "submission_date": "2022-01-30"}}, {"model": "orders.order", "pk": 19, "fields": {"order_number": 18, "account_number": 4, "submission_date": "2022-02-08"}}, {"model": "orders.order", "pk": 20, "fields": {"order_number": 19, "account_number": 4, "submission_date": "2022-01-11"}}, {"model": "orders.order", "pk": 21, "fields": {"order_number": 20, "account_number": 4, "submission_date": "2022-01-27"}}, {"model": "orders.order", "pk": 22, "fields": {"order_number": 21, "account_number": 5, "submission_date": "2022-01-17"}}, {"model": "orders.order", "pk": 23, "fields": {"order_number": 22, "account_number": 5, "submission_date": "2021-12-21"}}, {"model": "orders.order", "pk": 24, "fields": {"order_number": 23, "account_number": 6, "submission_date": "2021-10-18"}}, {"model": "orders.order", "pk": 25, "fields": {"order_number": 24, "account_number": 8, "submission_date": "2021-11-18"}}, {"model": "orders.order", "pk": 26, "fields": {"order_number": 21, "account_number": 4, "submission_date": "2022-02-16"}}, {"model": "orders.order", "pk": 27, "fields": {"order_number": 22, "account_number": 4, "submission_date": "2022-02-16"}}, {"model": "orders.order", "pk": 28, "fields": {"order_number": 999, "account_number": 4, "submission_date": "2022-02-18"}}, {"model": "laboratoryOrders.sample", "pk": 1, "fields": {"sample_type": "medical", "sample_form": "liquid", "sop_number": "werf", "lab_personel": 1, "created_at": "2022-02-05T00:37:56.075Z", "updated_at": "2022-02-05T00:37:56.076Z"}}, {"model": "laboratoryOrders.sample", "pk": 2, "fields": {"sample_type": "Blood", "sample_form": "Liquid", "sop_number": "SOP-AN-XX, SOP-MB-XX", "lab_personel": 1, "created_at": "2022-02-09T00:02:29.139Z", "updated_at": "2022-02-09T00:02:29.139Z"}}, {"model": "laboratoryOrders.sample", "pk": 3, "fields": {"sample_type": "Dairy", "sample_form": "Cream", "sop_number": "SPO-AN-XX", "lab_personel": 2, "created_at": "2022-02-09T00:02:38.799Z", "updated_at": "2022-02-09T00:02:38.799Z"}}, {"model": "laboratoryOrders.sample", "pk": 4, "fields": {"sample_type": "Cosmetics", "sample_form": "Cream", "sop_number": "SOP-AN-XX, SOP-AN-XX", "lab_personel": 3, "created_at": "2022-02-09T00:02:51.682Z", "updated_at": "2022-02-09T00:02:51.682Z"}}, {"model": "laboratoryOrders.sample", "pk": 5, "fields": {"sample_type": "Environmental", "sample_form": "Solid", "sop_number": "SOP-AN-XX, SOP-AN-XX", "lab_personel": 4, "created_at": "2022-02-09T00:03:04.259Z", "updated_at": "2022-02-09T00:03:04.259Z"}}, {"model": "laboratoryOrders.sample", "pk": 6, "fields": {"sample_type": "Chemical", "sample_form": "Liquid", "sop_number": "SOP-AN-XX, SOP-MB-XX", "lab_personel": 4, "created_at": "2022-02-09T00:03:14.463Z", "updated_at": "2022-02-09T00:03:14.463Z"}}, {"model": "laboratoryOrders.sample", "pk": 7, "fields": {"sample_type": "Chemical", "sample_form": "Liquid", "sop_number": "SPO-AN-XX", "lab_personel": 5, "created_at": "2022-02-09T00:03:24.589Z", "updated_at": "2022-02-09T00:03:24.589Z"}}, {"model": "laboratoryOrders.sample", "pk": 8, "fields": {"sample_type": "Blood", "sample_form": "Liquid", "sop_number": "SOP-AN-XX, SOP-MB-XX", "lab_personel": 5, "created_at": "2022-02-09T00:03:34.641Z", "updated_at": "2022-02-09T00:03:34.641Z"}}, {"model": "laboratoryOrders.sample", "pk": 9, "fields": {"sample_type": "Chemical", "sample_form": "Solid", "sop_number": "SOP-AN-XX, SOP-MB-XX", "lab_personel": 4, "created_at": "2022-02-09T00:03:46.848Z", "updated_at": "2022-02-09T00:03:46.848Z"}}, {"model": "laboratoryOrders.sample", "pk": 10, "fields": {"sample_type": "Dairy", "sample_form": "Liquid", "sop_number": "SPO-AN-XX", "lab_personel": 3, "created_at": "2022-02-09T00:03:55.823Z", "updated_at": "2022-02-09T00:03:55.823Z"}}, {"model": "laboratoryOrders.sample", "pk": 11, "fields": {"sample_type": "Cosmetics", "sample_form": "Cream", "sop_number": "SOP-AN-XX, SOP-AN-XX", "lab_personel": 2, "created_at": "2022-02-09T00:04:09.318Z", "updated_at": "2022-02-09T00:04:09.318Z"}}, {"model": "laboratoryOrders.sample", "pk": 12, "fields": {"sample_type": "Urine", "sample_form": "Liquid", "sop_number": "SOP-AN-XX, SOP-MB-XX", "lab_personel": 2, "created_at": "2022-02-09T00:04:28.025Z", "updated_at": "2022-02-09T00:04:28.025Z"}}, {"model": "laboratoryOrders.sample", "pk": 13, "fields": {"sample_type": "Urine", "sample_form": "Liquid", "sop_number": "SOP-AN-XX, SOP-AN-XX", "lab_personel": 1, "created_at": "2022-02-09T00:04:38.213Z", "updated_at": "2022-02-09T00:04:38.213Z"}}, {"model": "laboratoryOrders.sample", "pk": 14, "fields": {"sample_type": "Nasal Swab", "sample_form": "Swab", "sop_number": "SOP-AN-XX, SOP-MB-XX", "lab_personel": 2, "created_at": "2022-02-09T00:04:54.059Z", "updated_at": "2022-02-09T00:04:54.059Z"}}, {"model": "laboratoryOrders.sample", "pk": 15, "fields": {"sample_type": "Nasal Swab", "sample_form": "Swab", "sop_number": "SPO-AN-XX", "lab_personel": 3, "created_at": "2022-02-09T00:05:06.250Z", "updated_at": "2022-02-09T00:05:06.250Z"}}, {"model": "laboratoryOrders.sample", "pk": 16, "fields": {"sample_type": "Nasal Swab", "sample_form": "swab", "sop_number": "SOP-AN-XX, SOP-MB-XX", "lab_personel": 4, "created_at": "2022-02-09T00:17:43.182Z", "updated_at": "2022-02-09T00:17:43.182Z"}}, {"model": "laboratoryOrders.sample", "pk": 17, "fields": {"sample_type": "Nasal Swab", "sample_form": "Swab", "sop_number": "SOP-AN-XX, SOP-AN-XX", "lab_personel": 4, "created_at": "2022-02-09T00:17:51.997Z", "updated_at": "2022-02-09T00:17:51.997Z"}}, {"model": "laboratoryOrders.sample", "pk": 18, "fields": {"sample_type": "Environmental", "sample_form": "Soild", "sop_number": "SOP-AN-XX, SOP-MB-XX", "lab_personel": 5, "created_at": "2022-02-09T00:18:42.413Z", "updated_at": "2022-02-09T00:18:42.413Z"}}, {"model": "laboratoryOrders.sample", "pk": 19, "fields": {"sample_type": "Environmental", "sample_form": "Solid", "sop_number": "SPO-AN-XX", "lab_personel": 3, "created_at": "2022-02-09T00:18:53.395Z", "updated_at": "2022-02-09T00:18:53.396Z"}}, {"model": "laboratoryOrders.sample", "pk": 20, "fields": {"sample_type": "Environmental", "sample_form": "Solid", "sop_number": "SPO-AN-XX", "lab_personel": 2, "created_at": "2022-02-09T00:19:19.645Z", "updated_at": "2022-02-09T00:19:19.645Z"}}, {"model": "laboratoryOrders.sample", "pk": 21, "fields": {"sample_type": "Environmental", "sample_form": "Solid", "sop_number": "SOP-AN-XX, SOP-MB-XX", "lab_personel": 2, "created_at": "2022-02-09T00:19:36.279Z", "updated_at": "2022-02-09T00:19:36.279Z"}}, {"model": "laboratoryOrders.sample", "pk": 22, "fields": {"sample_type": "Nasal Swab", "sample_form": "Swab", "sop_number": "SOP-AN-XX, SOP-MB-XX", "lab_personel": 3, "created_at": "2022-02-09T00:33:06.273Z", "updated_at": "2022-02-09T00:33:06.273Z"}}, {"model": "laboratoryOrders.sample", "pk": 23, "fields": {"sample_type": "Nasal Swab", "sample_form": "Swab", "sop_number": "SOP-AN-XX, SOP-MB-XX", "lab_personel": 4, "created_at": "2022-02-09T00:33:17.622Z", "updated_at": "2022-02-09T00:33:17.622Z"}}, {"model": "laboratoryOrders.sample", "pk": 24, "fields": {"sample_type": "Nasal Swab", "sample_form": "Swab", "sop_number": "SOP-AN-XX, SOP-MB-XX", "lab_personel": 4, "created_at": "2022-02-09T00:33:27.227Z", "updated_at": "2022-02-09T00:33:27.227Z"}}, {"model": "laboratoryOrders.sample", "pk": 25, "fields": {"sample_type": "Nasal Swab", "sample_form": "Swab", "sop_number": "SOP-AN-XX, SOP-MB-XX", "lab_personel": 5, "created_at": "2022-02-09T00:33:37.744Z", "updated_at": "2022-02-09T00:33:37.744Z"}}, {"model": "laboratoryOrders.sample", "pk": 26, "fields": {"sample_type": "Nasal Swab", "sample_form": "Swab", "sop_number": "SOP-AN-XX, SOP-MB-XX", "lab_personel": 2, "created_at": "2022-02-09T00:33:46.574Z", "updated_at": "2022-02-09T00:33:46.574Z"}}, {"model": "laboratoryOrders.sample", "pk": 27, "fields": {"sample_type": "Environmental", "sample_form": "Solid", "sop_number": "SPO-AN-XX", "lab_personel": 1, "created_at": "2022-02-09T00:35:11.985Z", "updated_at": "2022-02-09T00:35:11.985Z"}}, {"model": "laboratoryOrders.sample", "pk": 28, "fields": {"sample_type": "Environmental", "sample_form": "Solid", "sop_number": "SPO-AN-XX", "lab_personel": 2, "created_at": "2022-02-09T00:35:29.937Z", "updated_at": "2022-02-09T00:35:29.937Z"}}, {"model": "laboratoryOrders.sample", "pk": 29, "fields": {"sample_type": "Environmental", "sample_form": "Solid", "sop_number": "SPO-AN-XX", "lab_personel": 3, "created_at": "2022-02-09T00:35:42.274Z", "updated_at": "2022-02-09T00:35:42.274Z"}}, {"model": "laboratoryOrders.sample", "pk": 30, "fields": {"sample_type": "Environmental", "sample_form": "Solid", "sop_number": "SPO-AN-XX", "lab_personel": 3, "created_at": "2022-02-09T00:35:51.213Z", "updated_at": "2022-02-09T00:35:51.213Z"}}, {"model": "laboratoryOrders.sample", "pk": 31, "fields": {"sample_type": "Environmental", "sample_form": "Solid", "sop_number": "SPO-AN-XX", "lab_personel": 4, "created_at": "2022-02-09T00:36:01.109Z", "updated_at": "2022-02-09T00:36:01.109Z"}}, {"model": "laboratoryOrders.sample", "pk": 32, "fields": {"sample_type": "Urine", "sample_form": "Liquid", "sop_number": "SOP-AN-XX, SOP-AN-XX", "lab_personel": 5, "created_at": "2022-02-09T00:37:44.807Z", "updated_at": "2022-02-09T00:37:44.807Z"}}, {"model": "laboratoryOrders.sample", "pk": 33, "fields": {"sample_type": "Urine", "sample_form": "Liquid", "sop_number": "SOP-AN-XX, SOP-AN-XX", "lab_personel": 4, "created_at": "2022-02-09T00:37:53.749Z", "updated_at": "2022-02-09T00:37:53.749Z"}}, {"model": "laboratoryOrders.sample", "pk": 34, "fields": {"sample_type": "Urine", "sample_form": "Liquid", "sop_number": "SOP-AN-XX, SOP-AN-XX", "lab_personel": 3, "created_at": "2022-02-09T00:38:02.058Z", "updated_at": "2022-02-09T00:38:02.058Z"}}, {"model": "laboratoryOrders.sample", "pk": 35, "fields": {"sample_type": "Urine", "sample_form": "Liquid", "sop_number": "SOP-AN-XX, SOP-AN-XX", "lab_personel": 2, "created_at": "2022-02-09T00:38:11.198Z", "updated_at": "2022-02-09T00:38:11.198Z"}}, {"model": "laboratoryOrders.sample", "pk": 36, "fields": {"sample_type": "Cosmetics", "sample_form": "Cream", "sop_number": "SOP-AN-XX, SOP-MB-XX", "lab_personel": 5, "created_at": "2022-02-09T00:38:39.599Z", "updated_at": "2022-02-09T00:38:39.599Z"}}, {"model": "laboratoryOrders.sample", "pk": 37, "fields": {"sample_type": "Cosmetics", "sample_form": "Cream", "sop_number": "SOP-AN-XX, SOP-AN-XX", "lab_personel": 4, "created_at": "2022-02-09T00:38:53.524Z", "updated_at": "2022-02-09T00:38:53.524Z"}}, {"model": "laboratoryOrders.sample", "pk": 38, "fields": {"sample_type": "Blood", "sample_form": "Liquid", "sop_number": "SOP-AN-XX, SOP-MB-XX", "lab_personel": 5, "created_at": "2022-02-09T00:40:26.207Z", "updated_at": "2022-02-09T00:40:26.207Z"}}, {"model": "laboratoryOrders.sample", "pk": 39, "fields": {"sample_type": "Blood", "sample_form": "Liquid", "sop_number": "SOP-AN-XX, SOP-MB-XX", "lab_personel": 4, "created_at": "2022-02-09T00:40:39.969Z", "updated_at": "2022-02-09T00:40:39.969Z"}}, {"model": "laboratoryOrders.sample", "pk": 40, "fields": {"sample_type": "Blood", "sample_form": "Liquid", "sop_number": "SOP-AN-XX, SOP-MB-XX", "lab_personel": 3, "created_at": "2022-02-09T00:40:52.388Z", "updated_at": "2022-02-09T00:40:52.388Z"}}, {"model": "laboratoryOrders.sample", "pk": 41, "fields": {"sample_type": "Blood", "sample_form": "Liquid", "sop_number": "SOP-AN-XX, SOP-MB-XX", "lab_personel": 4, "created_at": "2022-02-09T00:41:00.466Z", "updated_at": "2022-02-09T00:41:00.466Z"}}, {"model": "laboratoryOrders.sample", "pk": 42, "fields": {"sample_type": "Blood", "sample_form": "Liquid", "sop_number": "SOP-AN-XX, SOP-MB-XX", "lab_personel": 3, "created_at": "2022-02-09T00:41:09.513Z", "updated_at": "2022-02-09T00:41:09.513Z"}}, {"model": "laboratoryOrders.sample", "pk": 43, "fields": {"sample_type": "Blood", "sample_form": "Liquid", "sop_number": "SPO-AN-XX", "lab_personel": 4, "created_at": "2022-02-09T00:41:17.207Z", "updated_at": "2022-02-09T00:41:17.207Z"}}, {"model": "laboratoryOrders.sample", "pk": 44, "fields": {"sample_type": "Blood", "sample_form": "Liquid", "sop_number": "SOP-AN-XX, SOP-MB-XX", "lab_personel": 4, "created_at": "2022-02-09T00:41:24.206Z", "updated_at": "2022-02-09T00:41:24.206Z"}}, {"model": "laboratoryOrders.sample", "pk": 45, "fields": {"sample_type": "Blood", "sample_form": "Liquid", "sop_number": "SPO-AN-XX", "lab_personel": 5, "created_at": "2022-02-09T00:41:32.441Z", "updated_at": "2022-02-09T00:41:32.441Z"}}, {"model": "laboratoryOrders.sample", "pk": 46, "fields": {"sample_type": "Blood", "sample_form": "Liquid", "sop_number": "SOP-AN-XX, SOP-MB-XX", "lab_personel": 5, "created_at": "2022-02-09T00:41:39.192Z", "updated_at": "2022-02-09T00:41:39.192Z"}}, {"model": "laboratoryOrders.sample", "pk": 47, "fields": {"sample_type": "Blood", "sample_form": "Liquid", "sop_number": "SOP-AN-XX, SOP-MB-XX", "lab_personel": 3, "created_at": "2022-02-09T00:41:45.585Z", "updated_at": "2022-02-09T00:41:45.585Z"}}, {"model": "laboratoryOrders.sample", "pk": 48, "fields": {"sample_type": "Blood", "sample_form": "Liquid", "sop_number": "SOP-AN-XX, SOP-MB-XX", "lab_personel": 4, "created_at": "2022-02-09T00:41:52.158Z", "updated_at": "2022-02-09T00:41:52.158Z"}}, {"model": "laboratoryOrders.sample", "pk": 49, "fields": {"sample_type": "phone", "sample_form": "solid", "sop_number": "xxx", "lab_personel": 1, "created_at": "2022-02-14T06:13:23.500Z", "updated_at": "2022-02-14T06:13:23.500Z"}}, {"model": "laboratoryOrders.sample", "pk": 50, "fields": {"sample_type": "Environmental", "sample_form": null, "sop_number": null, "lab_personel": null, "created_at": "2022-02-16T20:14:36.478Z", "updated_at": "2022-02-16T20:14:36.478Z"}}, {"model": "laboratoryOrders.sample", "pk": 51, "fields": {"sample_type": "Environmental", "sample_form": null, "sop_number": null, "lab_personel": null, "created_at": "2022-02-16T20:14:36.555Z", "updated_at": "2022-02-16T20:14:36.555Z"}}, {"model": "laboratoryOrders.sampleinspection", "pk": 1, "fields": {"sample": 3, "inspector": 3, "received_quantity": 3, "package_intact": true, "material_intact": true, "inspection_pass": true}}, {"model": "laboratoryOrders.sampleinspection", "pk": 2, "fields": {"sample": 1, "inspector": 9, "received_quantity": 2, "package_intact": true, "material_intact": false, "inspection_pass": false}}, {"model": "laboratoryOrders.sampleinspection", "pk": 3, "fields": {"sample": 49, "inspector": 9, "received_quantity": 1, "package_intact": true, "material_intact": true, "inspection_pass": true}}, {"model": "laboratoryOrders.ordersample", "pk": 1, "fields": {"order": 1, "sample": 14}}, {"model": "laboratoryOrders.ordersample", "pk": 2, "fields": {"order": 1, "sample": 15}}, {"model": "laboratoryOrders.ordersample", "pk": 3, "fields": {"order": 4, "sample": 16}}, {"model": "laboratoryOrders.ordersample", "pk": 4, "fields": {"order": 4, "sample": 17}}, {"model": "laboratoryOrders.ordersample", "pk": 5, "fields": {"order": 3, "sample": 18}}, {"model": "laboratoryOrders.ordersample", "pk": 6, "fields": {"order": 3, "sample": 19}}, {"model": "laboratoryOrders.ordersample", "pk": 7, "fields": {"order": 2, "sample": 6}}, {"model": "laboratoryOrders.ordersample", "pk": 8, "fields": {"order": 7, "sample": 20}}, {"model": "laboratoryOrders.ordersample", "pk": 9, "fields": {"order": 7, "sample": 13}}, {"model": "laboratoryOrders.ordersample", "pk": 10, "fields": {"order": 7, "sample": 7}}, {"model": "laboratoryOrders.ordersample", "pk": 11, "fields": {"order": 19, "sample": 5}}, {"model": "laboratoryOrders.ordersample", "pk": 12, "fields": {"order": 13, "sample": 12}}, {"model": "laboratoryOrders.ordersample", "pk": 13, "fields": {"order": 5, "sample": 1}}, {"model": "laboratoryOrders.ordersample", "pk": 14, "fields": {"order": 11, "sample": 2}}, {"model": "laboratoryOrders.ordersample", "pk": 15, "fields": {"order": 5, "sample": 3}}, {"model": "laboratoryOrders.ordersample", "pk": 16, "fields": {"order": 14, "sample": 4}}, {"model": "laboratoryOrders.ordersample", "pk": 17, "fields": {"order": 14, "sample": 9}}, {"model": "laboratoryOrders.ordersample", "pk": 18, "fields": {"order": 11, "sample": 8}}, {"model": "laboratoryOrders.ordersample", "pk": 19, "fields": {"order": 18, "sample": 10}}, {"model": "laboratoryOrders.ordersample", "pk": 20, "fields": {"order": 18, "sample": 11}}, {"model": "laboratoryOrders.ordersample", "pk": 21, "fields": {"order": 21, "sample": 21}}, {"model": "laboratoryOrders.ordersample", "pk": 22, "fields": {"order": 25, "sample": 22}}, {"model": "laboratoryOrders.ordersample", "pk": 23, "fields": {"order": 21, "sample": 23}}, {"model": "laboratoryOrders.ordersample", "pk": 24, "fields": {"order": 15, "sample": 24}}, {"model": "laboratoryOrders.ordersample", "pk": 25, "fields": {"order": 17, "sample": 25}}, {"model": "laboratoryOrders.ordersample", "pk": 26, "fields": {"order": 17, "sample": 26}}, {"model": "laboratoryOrders.ordersample", "pk": 27, "fields": {"order": 20, "sample": 27}}, {"model": "laboratoryOrders.ordersample", "pk": 28, "fields": {"order": 6, "sample": 28}}, {"model": "laboratoryOrders.ordersample", "pk": 29, "fields": {"order": 8, "sample": 29}}, {"model": "laboratoryOrders.ordersample", "pk": 30, "fields": {"order": 8, "sample": 30}}, {"model": "laboratoryOrders.ordersample", "pk": 31, "fields": {"order": 9, "sample": 31}}, {"model": "laboratoryOrders.ordersample", "pk": 32, "fields": {"order": 15, "sample": 32}}, {"model": "laboratoryOrders.ordersample", "pk": 33, "fields": {"order": 15, "sample": 33}}, {"model": "laboratoryOrders.ordersample", "pk": 34, "fields": {"order": 16, "sample": 34}}, {"model": "laboratoryOrders.ordersample", "pk": 35, "fields": {"order": 16, "sample": 35}}, {"model": "laboratoryOrders.ordersample", "pk": 36, "fields": {"order": 23, "sample": 36}}, {"model": "laboratoryOrders.ordersample", "pk": 37, "fields": {"order": 24, "sample": 37}}, {"model": "laboratoryOrders.ordersample", "pk": 38, "fields": {"order": 8, "sample": 38}}, {"model": "laboratoryOrders.ordersample", "pk": 39, "fields": {"order": 9, "sample": 39}}, {"model": "laboratoryOrders.ordersample", "pk": 40, "fields": {"order": 9, "sample": 40}}, {"model": "laboratoryOrders.ordersample", "pk": 41, "fields": {"order": 10, "sample": 41}}, {"model": "laboratoryOrders.ordersample", "pk": 42, "fields": {"order": 10, "sample": 42}}, {"model": "laboratoryOrders.ordersample", "pk": 43, "fields": {"order": 22, "sample": 43}}, {"model": "laboratoryOrders.ordersample", "pk": 44, "fields": {"order": 24, "sample": 44}}, {"model": "laboratoryOrders.ordersample", "pk": 45, "fields": {"order": 24, "sample": 45}}, {"model": "laboratoryOrders.ordersample", "pk": 46, "fields": {"order": 12, "sample": 46}}, {"model": "laboratoryOrders.ordersample", "pk": 47, "fields": {"order": 12, "sample": 47}}, {"model": "laboratoryOrders.ordersample", "pk": 48, "fields": {"order": 25, "sample": 48}}, {"model": "laboratoryOrders.ordersample", "pk": 49, "fields": {"order": 26, "sample": 50}}, {"model": "laboratoryOrders.ordersample", "pk": 50, "fields": {"order": 26, "sample": 51}}, {"model": "laboratoryOrders.ordersample", "pk": 51, "fields": {"order": 28, "sample": 49}}, {"model": "laboratoryOrders.labsample", "pk": 1, "fields": {"sample": 1, "location": 3}}, {"model": "laboratoryOrders.labsample", "pk": 2, "fields": {"sample": 3, "location": 5}}, {"model": "laboratoryOrders.labsample", "pk": 3, "fields": {"sample": 18, "location": 1}}, {"model": "laboratoryOrders.labsample", "pk": 4, "fields": {"sample": 19, "location": 1}}, {"model": "laboratoryOrders.labsample", "pk": 5, "fields": {"sample": 15, "location": 3}}, {"model": "laboratoryOrders.labsample", "pk": 6, "fields": {"sample": 14, "location": 3}}, {"model": "laboratoryOrders.labsample", "pk": 7, "fields": {"sample": 38, "location": 4}}, {"model": "laboratoryOrders.labsample", "pk": 8, "fields": {"sample": 30, "location": 6}}, {"model": "laboratoryOrders.labsample", "pk": 9, "fields": {"sample": 29, "location": 5}}, {"model": "laboratoryOrders.labsample", "pk": 10, "fields": {"sample": 31, "location": 1}}, {"model": "laboratoryOrders.labsample", "pk": 11, "fields": {"sample": 40, "location": 2}}, {"model": "laboratoryOrders.labsample", "pk": 12, "fields": {"sample": 39, "location": 4}}, {"model": "laboratoryOrders.labsample", "pk": 13, "fields": {"sample": 42, "location": 5}}, {"model": "laboratoryOrders.labsample", "pk": 14, "fields": {"sample": 41, "location": 6}}, {"model": "laboratoryOrders.labsample", "pk": 15, "fields": {"sample": 8, "location": 4}}, {"model": "laboratoryOrders.labsample", "pk": 16, "fields": {"sample": 2, "location": 4}}, {"model": "laboratoryOrders.testsample", "pk": 1, "fields": {"lab_sample_id": 16, "test": 3}}, {"model": "laboratoryOrders.testsample", "pk": 2, "fields": {"lab_sample_id": 15, "test": 6}}, {"model": "laboratoryOrders.testsample", "pk": 3, "fields": {"lab_sample_id": 2, "test": 7}}, {"model": "laboratoryOrders.testsample", "pk": 4, "fields": {"lab_sample_id": 1, "test": 8}}, {"model": "laboratoryOrders.testsample", "pk": 5, "fields": {"lab_sample_id": 6, "test": 10}}, {"model": "laboratoryOrders.testsample", "pk": 6, "fields": {"lab_sample_id": 5, "test": 10}}, {"model": "laboratoryOrders.testresult", "pk": 1, "fields": {"status": "Completed", "result": "30", "test_id": 1}}, {"model": "laboratoryOrders.testresult", "pk": 2, "fields": {"status": "In Progress", "result": "--", "test_id": 2}}, {"model": "laboratoryOrders.testresult", "pk": 3, "fields": {"status": "In Progress", "result": "--", "test_id": 3}}, {"model": "laboratoryOrders.testresult", "pk": 4, "fields": {"status": "Completed", "result": "Positive", "test_id": 5}}, {"model": "laboratoryOrders.testresult", "pk": 5, "fields": {"status": "Completed", "result": "Negative", "test_id": 6}}, {"model": "laboratoryOrders.testresult", "pk": 6, "fields": {"status": "In Progress", "result": "--", "test_id": 4}}, {"model": "laboratoryOrders.ordertest", "pk": 1, "fields": {"order_number": 3, "test_id": 1}}, {"model": "laboratoryOrders.ordertest", "pk": 2, "fields": {"order_number": 3, "test_id": 2}}, {"model": "laboratoryOrders.ordertest", "pk": 3, "fields": {"order_number": 2, "test_id": 8}}, {"model": "laboratoryOrders.ordertest", "pk": 4, "fields": {"order_number": 7, "test_id": 1}}, {"model": "laboratoryOrders.ordertest", "pk": 5, "fields": {"order_number": 7, "test_id": 9}}, {"model": "laboratoryOrders.ordertest", "pk": 6, "fields": {"order_number": 7, "test_id": 8}}, {"model": "laboratoryOrders.ordertest", "pk": 7, "fields": {"order_number": 19, "test_id": 2}}, {"model": "laboratoryOrders.ordertest", "pk": 8, "fields": {"order_number": 20, "test_id": 1}}, {"model": "laboratoryOrders.ordertest", "pk": 9, "fields": {"order_number": 21, "test_id": 10}}, {"model": "laboratoryOrders.ordertest", "pk": 10, "fields": {"order_number": 1, "test_id": 10}}, {"model": "laboratoryOrders.ordertest", "pk": 11, "fields": {"order_number": 1, "test_id": 10}}, {"model": "laboratoryOrders.ordertest", "pk": 12, "fields": {"order_number": 4, "test_id": 10}}, {"model": "laboratoryOrders.ordertest", "pk": 13, "fields": {"order_number": 4, "test_id": 10}}, {"model": "laboratoryOrders.ordertest", "pk": 14, "fields": {"order_number": 13, "test_id": 9}}, {"model": "laboratoryOrders.ordertest", "pk": 15, "fields": {"order_number": 5, "test_id": 8}}, {"model": "laboratoryOrders.ordertest", "pk": 16, "fields": {"order_number": 14, "test_id": 8}}, {"model": "laboratoryOrders.ordertest", "pk": 17, "fields": {"order_number": 14, "test_id": 7}}, {"model": "laboratoryOrders.ordertest", "pk": 18, "fields": {"order_number": 15, "test_id": 10}}, {"model": "laboratoryOrders.ordertest", "pk": 19, "fields": {"order_number": 15, "test_id": 9}}, {"model": "laboratoryOrders.ordertest", "pk": 20, "fields": {"order_number": 16, "test_id": 9}}, {"model": "laboratoryOrders.ordertest", "pk": 21, "fields": {"order_number": 16, "test_id": 9}}, {"model": "laboratoryOrders.ordertest", "pk": 22, "fields": {"order_number": 17, "test_id": 10}}, {"model": "laboratoryOrders.ordertest", "pk": 23, "fields": {"order_number": 18, "test_id": 8}}, {"model": "laboratoryOrders.ordertest", "pk": 24, "fields": {"order_number": 18, "test_id": 8}}, {"model": "laboratoryOrders.ordertest", "pk": 25, "fields": {"order_number": 18, "test_id": 7}}, {"model": "laboratoryOrders.ordertest", "pk": 26, "fields": {"order_number": 8, "test_id": 1}}, {"model": "laboratoryOrders.ordertest", "pk": 27, "fields": {"order_number": 8, "test_id": 2}}, {"model": "laboratoryOrders.ordertest", "pk": 28, "fields": {"order_number": 9, "test_id": 3}}, {"model": "laboratoryOrders.ordertest", "pk": 29, "fields": {"order_number": 9, "test_id": 4}}, {"model": "laboratoryOrders.ordertest", "pk": 30, "fields": {"order_number": 8, "test_id": 6}}, {"model": "laboratoryOrders.ordertest", "pk": 31, "fields": {"order_number": 9, "test_id": 1}}, {"model": "laboratoryOrders.ordertest", "pk": 32, "fields": {"order_number": 10, "test_id": 5}}, {"model": "laboratoryOrders.ordertest", "pk": 33, "fields": {"order_number": 10, "test_id": 4}}, {"model": "laboratoryOrders.ordertest", "pk": 34, "fields": {"order_number": 22, "test_id": 5}}, {"model": "laboratoryOrders.ordertest", "pk": 35, "fields": {"order_number": 23, "test_id": 8}}, {"model": "laboratoryOrders.ordertest", "pk": 36, "fields": {"order_number": 24, "test_id": 7}}, {"model": "laboratoryOrders.ordertest", "pk": 37, "fields": {"order_number": 24, "test_id": 3}}, {"model": "laboratoryOrders.ordertest", "pk": 38, "fields": {"order_number": 24, "test_id": 5}}, {"model": "laboratoryOrders.ordertest", "pk": 39, "fields": {"order_number": 11, "test_id": 3}}, {"model": "laboratoryOrders.ordertest", "pk": 40, "fields": {"order_number": 12, "test_id": 4}}, {"model": "laboratoryOrders.ordertest", "pk": 41, "fields": {"order_number": 11, "test_id": 6}}, {"model": "laboratoryOrders.ordertest", "pk": 42, "fields": {"order_number": 12, "test_id": 5}}, {"model": "laboratoryOrders.ordertest", "pk": 43, "fields": {"order_number": 25, "test_id": 10}}, {"model": "laboratoryOrders.ordertest", "pk": 44, "fields": {"order_number": 5, "test_id": 7}}, {"model": "laboratoryOrders.ordertest", "pk": 45, "fields": {"order_number": 6, "test_id": 1}}, {"model": "laboratoryOrders.ordertest", "pk": 46, "fields": {"order_number": 15, "test_id": 9}}, {"model": "laboratoryOrders.ordertest", "pk": 47, "fields": {"order_number": 17, "test_id": 10}}, {"model": "laboratoryOrders.ordertest", "pk": 48, "fields": {"order_number": 21, "test_id": 2}}, {"model": "laboratoryOrders.ordertest", "pk": 49, "fields": {"order_number": 25, "test_id": 4}}, {"model": "laboratoryOrders.ordertest", "pk": 50, "fields": {"order_number": 26, "test_id": null}}, {"model": "laboratoryOrders.testpackage", "pk": 1, "fields": {"package": 3, "test": 9}}, {"model": "laboratoryOrders.testpackage", "pk": 2, "fields": {"package": 2, "test": 3}}, {"model": "laboratoryOrders.testpackage", "pk": 3, "fields": {"package": 2, "test": 5}}, {"model": "laboratoryOrders.testpackage", "pk": 4, "fields": {"package": 2, "test": 6}}, {"model": "laboratoryOrders.testpackage", "pk": 5, "fields": {"package": 1, "test": 1}}, {"model": "laboratoryOrders.testpackage", "pk": 6, "fields": {"package": 1, "test": 2}}, {"model": "laboratoryOrders.testpackage", "pk": 7, "fields": {"package": 1, "test": 7}}, {"model": "laboratoryOrders.testpackage", "pk": 8, "fields": {"package": 5, "test": 10}}, {"model": "laboratoryOrders.testpackage", "pk": 9, "fields": {"package": 5, "test": 9}}, {"model": "laboratoryOrders.testpackage", "pk": 10, "fields": {"package": 4, "test": 1}}, {"model": "laboratoryOrders.testpackage", "pk": 11, "fields": {"package": 4, "test": 2}}, {"model": "laboratoryOrders.testpackage", "pk": 12, "fields": {"package": 4, "test": 3}}, {"model": "laboratoryOrders.testpackage", "pk": 13, "fields": {"package": 4, "test": 4}}, {"model": "laboratoryOrders.testpackage", "pk": 14, "fields": {"package": 4, "test": 5}}, {"model": "laboratoryOrders.testpackage", "pk": 15, "fields": {"package": 4, "test": 6}}, {"model": "laboratoryOrders.testpackage", "pk": 16, "fields": {"package": 4, "test": 7}}, {"model": "laboratoryOrders.testpackage", "pk": 17, "fields": {"package": 4, "test": 8}}, {"model": "laboratoryOrders.testpackage", "pk": 18, "fields": {"package": 4, "test": 9}}, {"model": "laboratoryOrders.testpackage", "pk": 19, "fields": {"package": 4, "test": 10}}]