[{"model": "admin.logentry", "pk": 1, "fields": {"action_time": "2021-11-05T06:17:30.792Z", "user": 1, "content_type": 4, "object_id": "3", "object_repr": "escrooge", "action_flag": 1, "change_message": "[{\"added\": {}}]"}}, {"model": "admin.logentry", "pk": 2, "fields": {"action_time": "2021-11-05T06:18:05.189Z", "user": 1, "content_type": 4, "object_id": "3", "object_repr": "escrooge", "action_flag": 2, "change_message": "[]"}}, {"model": "admin.logentry", "pk": 3, "fields": {"action_time": "2021-11-05T06:18:26.780Z", "user": 1, "content_type": 4, "object_id": "4", "object_repr": "todinson", "action_flag": 1, "change_message": "[{\"added\": {}}]"}}, {"model": "admin.logentry", "pk": 4, "fields": {"action_time": "2021-11-05T06:18:42.108Z", "user": 1, "content_type": 4, "object_id": "5", "object_repr": "bwidow", "action_flag": 1, "change_message": "[{\"added\": {}}]"}}, {"model": "admin.logentry", "pk": 5, "fields": {"action_time": "2021-11-05T06:19:24.983Z", "user": 1, "content_type": 4, "object_id": "6", "object_repr": "bgates", "action_flag": 1, "change_message": "[{\"added\": {}}]"}}, {"model": "admin.logentry", "pk": 6, "fields": {"action_time": "2021-11-05T06:19:34.992Z", "user": 1, "content_type": 4, "object_id": "7", "object_repr": "jbezos", "action_flag": 1, "change_message": "[{\"added\": {}}]"}}, {"model": "admin.logentry", "pk": 7, "fields": {"action_time": "2021-11-05T06:20:12.658Z", "user": 1, "content_type": 9, "object_id": "1", "object_repr": "Bill Gates", "action_flag": 1, "change_message": "[{\"added\": {}}]"}}, {"model": "admin.logentry", "pk": 8, "fields": {"action_time": "2021-11-05T06:20:41.498Z", "user": 1, "content_type": 9, "object_id": "2", "object_repr": "Jeff Bezos", "action_flag": 1, "change_message": "[{\"added\": {}}]"}}, {"model": "admin.logentry", "pk": 9, "fields": {"action_time": "2021-11-06T00:22:21.491Z", "user": 1, "content_type": 4, "object_id": "8", "object_repr": "jtest", "action_flag": 1, "change_message": "[{\"added\": {}}]"}}, {"model": "admin.logentry", "pk": 10, "fields": {"action_time": "2021-11-06T00:29:24.625Z", "user": 1, "content_type": 7, "object_id": "1", "object_repr": "todinson", "action_flag": 1, "change_message": "[{\"added\": {}}]"}}, {"model": "admin.logentry", "pk": 11, "fields": {"action_time": "2021-11-06T00:29:39.954Z", "user": 1, "content_type": 8, "object_id": "1", "object_repr": "jtest", "action_flag": 1, "change_message": "[{\"added\": {}}]"}}, {"model": "admin.logentry", "pk": 12, "fields": {"action_time": "2021-11-06T00:30:09.270Z", "user": 1, "content_type": 18, "object_id": "1", "object_repr": "Test object (1)", "action_flag": 1, "change_message": "[{\"added\": {}}]"}}, {"model": "admin.logentry", "pk": 13, "fields": {"action_time": "2021-11-06T00:30:33.918Z", "user": 1, "content_type": 18, "object_id": "2", "object_repr": "Test object (2)", "action_flag": 1, "change_message": "[{\"added\": {}}]"}}, {"model": "admin.logentry", "pk": 14, "fields": {"action_time": "2021-11-06T00:32:52.071Z", "user": 1, "content_type": 13, "object_id": "1", "object_repr": "Sample object (1)", "action_flag": 1, "change_message": "[{\"added\": {}}]"}}, {"model": "admin.logentry", "pk": 15, "fields": {"action_time": "2021-11-06T00:33:11.660Z", "user": 1, "content_type": 17, "object_id": "1", "object_repr": "Kelowna", "action_flag": 1, "change_message": "[{\"added\": {}}]"}}, {"model": "admin.logentry", "pk": 16, "fields": {"action_time": "2021-11-06T00:33:17.509Z", "user": 1, "content_type": 17, "object_id": "2", "object_repr": "Vancouver", "action_flag": 1, "change_message": "[{\"added\": {}}]"}}, {"model": "admin.logentry", "pk": 17, "fields": {"action_time": "2021-11-06T00:33:20.403Z", "user": 1, "content_type": 14, "object_id": "1", "object_repr": "LabSample object (1)", "action_flag": 1, "change_message": "[{\"added\": {}}]"}}, {"model": "admin.logentry", "pk": 18, "fields": {"action_time": "2021-11-06T00:37:27.717Z", "user": 1, "content_type": 17, "object_id": "2", "object_repr": "Vancouver", "action_flag": 2, "change_message": "[{\"changed\": {\"fields\": [\"Code\"]}}]"}}, {"model": "admin.logentry", "pk": 19, "fields": {"action_time": "2021-11-06T00:37:41.711Z", "user": 1, "content_type": 17, "object_id": "1", "object_repr": "Kelowna", "action_flag": 2, "change_message": "[{\"changed\": {\"fields\": [\"Code\"]}}]"}}, {"model": "admin.logentry", "pk": 20, "fields": {"action_time": "2021-11-06T00:38:17.669Z", "user": 1, "content_type": 11, "object_id": "1", "object_repr": "Microscope", "action_flag": 1, "change_message": "[{\"added\": {}}]"}}, {"model": "admin.logentry", "pk": 21, "fields": {"action_time": "2021-11-06T00:38:21.222Z", "user": 1, "content_type": 11, "object_id": "2", "object_repr": "Centrifuge", "action_flag": 1, "change_message": "[{\"added\": {}}]"}}, {"model": "admin.logentry", "pk": 22, "fields": {"action_time": "2021-11-06T00:38:24.821Z", "user": 1, "content_type": 11, "object_id": "3", "object_repr": "PCR Machine", "action_flag": 1, "change_message": "[{\"added\": {}}]"}}, {"model": "admin.logentry", "pk": 23, "fields": {"action_time": "2021-11-06T00:39:52.730Z", "user": 1, "content_type": 10, "object_id": "1", "object_repr": "InventoryItem object (1)", "action_flag": 1, "change_message": "[{\"added\": {}}]"}}, {"model": "admin.logentry", "pk": 24, "fields": {"action_time": "2021-11-06T00:40:20.009Z", "user": 1, "content_type": 23, "object_id": "1", "object_repr": "Order object (1)", "action_flag": 1, "change_message": "[{\"added\": {}}]"}}, {"model": "admin.logentry", "pk": 25, "fields": {"action_time": "2021-11-06T00:41:36.618Z", "user": 1, "content_type": 10, "object_id": "1", "object_repr": "Vials", "action_flag": 2, "change_message": "[{\"changed\": {\"fields\": [\"Status\"]}}]"}}, {"model": "admin.logentry", "pk": 26, "fields": {"action_time": "2021-11-06T00:43:00.495Z", "user": 1, "content_type": 14, "object_id": "1", "object_repr": "Soil", "action_flag": 2, "change_message": "[]"}}, {"model": "admin.logentry", "pk": 27, "fields": {"action_time": "2021-11-06T00:43:27.801Z", "user": 1, "content_type": 13, "object_id": "1", "object_repr": "Okanagan Farms Soil", "action_flag": 2, "change_message": "[{\"changed\": {\"fields\": [\"Sample type\"]}}]"}}, {"model": "admin.logentry", "pk": 28, "fields": {"action_time": "2021-11-06T00:43:40.062Z", "user": 1, "content_type": 12, "object_id": "1", "object_repr": "TestInstrument object (1)", "action_flag": 1, "change_message": "[{\"added\": {}}]"}}, {"model": "admin.logentry", "pk": 29, "fields": {"action_time": "2021-11-06T00:44:20.619Z", "user": 1, "content_type": 12, "object_id": "1", "object_repr": "Microscope", "action_flag": 2, "change_message": "[]"}}, {"model": "admin.logentry", "pk": 30, "fields": {"action_time": "2021-11-06T00:44:41.689Z", "user": 1, "content_type": 16, "object_id": "1", "object_repr": "TestSample object (1)", "action_flag": 1, "change_message": "[{\"added\": {}}]"}}, {"model": "admin.logentry", "pk": 31, "fields": {"action_time": "2021-11-06T00:48:51.396Z", "user": 1, "content_type": 10, "object_id": "1", "object_repr": "Received", "action_flag": 2, "change_message": "[{\"changed\": {\"fields\": [\"Status\"]}}]"}}, {"model": "admin.logentry", "pk": 32, "fields": {"action_time": "2021-11-06T00:49:33.271Z", "user": 1, "content_type": 15, "object_id": "1", "object_repr": "TestResult object (1)", "action_flag": 1, "change_message": "[{\"added\": {}}]"}}, {"model": "admin.logentry", "pk": 33, "fields": {"action_time": "2021-11-06T00:54:08.716Z", "user": 1, "content_type": 22, "object_id": "1", "object_repr": "Package object (1)", "action_flag": 1, "change_message": "[{\"added\": {}}]"}}, {"model": "admin.logentry", "pk": 34, "fields": {"action_time": "2021-11-06T00:54:38.286Z", "user": 1, "content_type": 19, "object_id": "1", "object_repr": "TestPackage object (1)", "action_flag": 1, "change_message": "[{\"added\": {}}]"}}, {"model": "admin.logentry", "pk": 35, "fields": {"action_time": "2021-11-12T22:51:15.883Z", "user": 1, "content_type": 4, "object_id": "6", "object_repr": "bgates", "action_flag": 2, "change_message": "[{\"changed\": {\"fields\": [\"First name\", \"Last name\", \"Email address\"]}}]"}}, {"model": "admin.logentry", "pk": 36, "fields": {"action_time": "2021-11-12T22:52:42.385Z", "user": 1, "content_type": 4, "object_id": "5", "object_repr": "bwidow", "action_flag": 2, "change_message": "[{\"changed\": {\"fields\": [\"First name\", \"Last name\", \"Email address\"]}}]"}}, {"model": "admin.logentry", "pk": 37, "fields": {"action_time": "2021-11-12T22:53:38.264Z", "user": 1, "content_type": 4, "object_id": "3", "object_repr": "escrooge", "action_flag": 2, "change_message": "[{\"changed\": {\"fields\": [\"First name\", \"Last name\", \"Email address\"]}}]"}}, {"model": "admin.logentry", "pk": 38, "fields": {"action_time": "2021-11-12T22:53:59.565Z", "user": 1, "content_type": 4, "object_id": "7", "object_repr": "jbezos", "action_flag": 2, "change_message": "[{\"changed\": {\"fields\": [\"First name\", \"Last name\", \"Email address\"]}}]"}}, {"model": "admin.logentry", "pk": 39, "fields": {"action_time": "2021-11-12T22:54:48.287Z", "user": 1, "content_type": 4, "object_id": "8", "object_repr": "jtest", "action_flag": 2, "change_message": "[{\"changed\": {\"fields\": [\"First name\", \"Last name\", \"Email address\"]}}]"}}, {"model": "admin.logentry", "pk": 40, "fields": {"action_time": "2021-11-12T22:55:07.061Z", "user": 1, "content_type": 4, "object_id": "1", "object_repr": "root", "action_flag": 2, "change_message": "[{\"changed\": {\"fields\": [\"First name\", \"Last name\", \"Email address\"]}}]"}}, {"model": "admin.logentry", "pk": 41, "fields": {"action_time": "2021-11-12T22:56:55.092Z", "user": 1, "content_type": 4, "object_id": "4", "object_repr": "todinson", "action_flag": 2, "change_message": "[{\"changed\": {\"fields\": [\"First name\", \"Last name\", \"Email address\"]}}]"}}, {"model": "admin.logentry", "pk": 42, "fields": {"action_time": "2021-11-12T22:57:13.680Z", "user": 1, "content_type": 9, "object_id": "2", "object_repr": "Jeff Bezos", "action_flag": 2, "change_message": "[]"}}, {"model": "admin.logentry", "pk": 43, "fields": {"action_time": "2021-11-12T22:57:21.983Z", "user": 1, "content_type": 9, "object_id": "1", "object_repr": "Bill Gates", "action_flag": 2, "change_message": "[]"}}, {"model": "admin.logentry", "pk": 44, "fields": {"action_time": "2021-11-12T22:59:16.595Z", "user": 1, "content_type": 9, "object_id": "3", "object_repr": "Scrooge McDuck", "action_flag": 1, "change_message": "[{\"added\": {}}]"}}, {"model": "admin.logentry", "pk": 45, "fields": {"action_time": "2021-11-12T22:59:59.202Z", "user": 1, "content_type": 7, "object_id": "2", "object_repr": "bwidow", "action_flag": 1, "change_message": "[{\"added\": {}}]"}}, {"model": "admin.logentry", "pk": 46, "fields": {"action_time": "2021-11-12T23:01:18.213Z", "user": 1, "content_type": 4, "object_id": "9", "object_repr": "vfrank", "action_flag": 1, "change_message": "[{\"added\": {}}]"}}, {"model": "admin.logentry", "pk": 47, "fields": {"action_time": "2021-11-12T23:02:31.288Z", "user": 1, "content_type": 4, "object_id": "9", "object_repr": "vfrank", "action_flag": 2, "change_message": "[{\"changed\": {\"fields\": [\"First name\", \"Last name\", \"Email address\"]}}]"}}, {"model": "admin.logentry", "pk": 48, "fields": {"action_time": "2021-11-12T23:02:55.665Z", "user": 1, "content_type": 8, "object_id": "2", "object_repr": "vfrank", "action_flag": 1, "change_message": "[{\"added\": {}}]"}}, {"model": "admin.logentry", "pk": 49, "fields": {"action_time": "2021-11-12T23:05:05.325Z", "user": 1, "content_type": 4, "object_id": "10", "object_repr": "drjekyll", "action_flag": 1, "change_message": "[{\"added\": {}}]"}}, {"model": "admin.logentry", "pk": 50, "fields": {"action_time": "2021-11-12T23:05:49.272Z", "user": 1, "content_type": 4, "object_id": "10", "object_repr": "drjekyll", "action_flag": 2, "change_message": "[{\"changed\": {\"fields\": [\"First name\", \"Last name\", \"Email address\"]}}]"}}, {"model": "admin.logentry", "pk": 51, "fields": {"action_time": "2021-11-12T23:06:13.844Z", "user": 1, "content_type": 7, "object_id": "3", "object_repr": "drjekyll", "action_flag": 1, "change_message": "[{\"added\": {}}]"}}, {"model": "admin.logentry", "pk": 52, "fields": {"action_time": "2021-11-12T23:08:35.019Z", "user": 1, "content_type": 4, "object_id": "11", "object_repr": "thebrain", "action_flag": 1, "change_message": "[{\"added\": {}}]"}}, {"model": "admin.logentry", "pk": 53, "fields": {"action_time": "2021-11-12T23:08:54.007Z", "user": 1, "content_type": 4, "object_id": "11", "object_repr": "thebrain", "action_flag": 2, "change_message": "[{\"changed\": {\"fields\": [\"First name\", \"Last name\", \"Email address\"]}}]"}}, {"model": "admin.logentry", "pk": 54, "fields": {"action_time": "2021-11-12T23:10:02.905Z", "user": 1, "content_type": 9, "object_id": "4", "object_repr": "The Brain", "action_flag": 1, "change_message": "[{\"added\": {}}]"}}, {"model": "admin.logentry", "pk": 55, "fields": {"action_time": "2021-11-12T23:12:20.457Z", "user": 1, "content_type": 17, "object_id": "2", "object_repr": "Analytical Lab", "action_flag": 2, "change_message": "[{\"changed\": {\"fields\": [\"Name\", \"Code\"]}}]"}}, {"model": "admin.logentry", "pk": 56, "fields": {"action_time": "2021-11-12T23:12:33.657Z", "user": 1, "content_type": 17, "object_id": "1", "object_repr": "Microbiology Lab", "action_flag": 2, "change_message": "[{\"changed\": {\"fields\": [\"Name\", \"Code\"]}}]"}}, {"model": "admin.logentry", "pk": 57, "fields": {"action_time": "2021-11-12T23:13:14.029Z", "user": 1, "content_type": 13, "object_id": "1", "object_repr": "Dairy", "action_flag": 2, "change_message": "[{\"changed\": {\"fields\": [\"Sample type\", \"Sample form\", \"Sop number\"]}}]"}}, {"model": "admin.logentry", "pk": 58, "fields": {"action_time": "2021-11-12T23:13:42.626Z", "user": 1, "content_type": 13, "object_id": "2", "object_repr": "Cosmetics", "action_flag": 1, "change_message": "[{\"added\": {}}]"}}, {"model": "admin.logentry", "pk": 59, "fields": {"action_time": "2021-11-12T23:14:06.959Z", "user": 1, "content_type": 13, "object_id": "3", "object_repr": "Environmental", "action_flag": 1, "change_message": "[{\"added\": {}}]"}}, {"model": "admin.logentry", "pk": 60, "fields": {"action_time": "2021-11-12T23:14:25.246Z", "user": 1, "content_type": 14, "object_id": "1", "object_repr": "Dairy", "action_flag": 2, "change_message": "[]"}}, {"model": "admin.logentry", "pk": 61, "fields": {"action_time": "2021-11-12T23:14:36.335Z", "user": 1, "content_type": 14, "object_id": "2", "object_repr": "Cosmetics", "action_flag": 1, "change_message": "[{\"added\": {}}]"}}, {"model": "admin.logentry", "pk": 62, "fields": {"action_time": "2021-11-12T23:14:40.147Z", "user": 1, "content_type": 14, "object_id": "1", "object_repr": "Dairy", "action_flag": 2, "change_message": "[]"}}, {"model": "admin.logentry", "pk": 63, "fields": {"action_time": "2021-11-12T23:14:42.401Z", "user": 1, "content_type": 14, "object_id": "2", "object_repr": "Cosmetics", "action_flag": 2, "change_message": "[]"}}, {"model": "admin.logentry", "pk": 64, "fields": {"action_time": "2021-11-12T23:14:59.366Z", "user": 1, "content_type": 16, "object_id": "1", "object_repr": "Soil Quality Test on Dairy", "action_flag": 2, "change_message": "[]"}}, {"model": "admin.logentry", "pk": 65, "fields": {"action_time": "2021-11-12T23:15:25.213Z", "user": 1, "content_type": 10, "object_id": "1", "object_repr": "Received", "action_flag": 2, "change_message": "[]"}}, {"model": "admin.logentry", "pk": 66, "fields": {"action_time": "2021-11-12T23:16:25.041Z", "user": 1, "content_type": 10, "object_id": "2", "object_repr": "shipping", "action_flag": 1, "change_message": "[{\"added\": {}}]"}}, {"model": "admin.logentry", "pk": 67, "fields": {"action_time": "2021-11-12T23:17:45.931Z", "user": 1, "content_type": 18, "object_id": "3", "object_repr": "Iron Level Test", "action_flag": 1, "change_message": "[{\"added\": {}}]"}}, {"model": "admin.logentry", "pk": 68, "fields": {"action_time": "2021-11-12T23:18:08.068Z", "user": 1, "content_type": 18, "object_id": "4", "object_repr": "Blood Type", "action_flag": 1, "change_message": "[{\"added\": {}}]"}}, {"model": "admin.logentry", "pk": 69, "fields": {"action_time": "2021-11-12T23:18:45.668Z", "user": 1, "content_type": 18, "object_id": "5", "object_repr": "Thyroid Panel", "action_flag": 1, "change_message": "[{\"added\": {}}]"}}, {"model": "admin.logentry", "pk": 70, "fields": {"action_time": "2021-11-12T23:18:58.393Z", "user": 1, "content_type": 22, "object_id": "2", "object_repr": "Package: Blood Work Up", "action_flag": 1, "change_message": "[{\"added\": {}}]"}}, {"model": "admin.logentry", "pk": 71, "fields": {"action_time": "2021-11-12T23:19:14.071Z", "user": 1, "content_type": 19, "object_id": "2", "object_repr": "Blood Work Up - Blood Type", "action_flag": 1, "change_message": "[{\"added\": {}}]"}}, {"model": "admin.logentry", "pk": 72, "fields": {"action_time": "2021-11-12T23:19:20.373Z", "user": 1, "content_type": 19, "object_id": "3", "object_repr": "Blood Work Up - Iron Level Test", "action_flag": 1, "change_message": "[{\"added\": {}}]"}}, {"model": "admin.logentry", "pk": 73, "fields": {"action_time": "2021-11-12T23:19:27.732Z", "user": 1, "content_type": 19, "object_id": "4", "object_repr": "Blood Work Up - Thyroid Panel", "action_flag": 1, "change_message": "[{\"added\": {}}]"}}, {"model": "admin.logentry", "pk": 74, "fields": {"action_time": "2021-11-12T23:19:58.528Z", "user": 1, "content_type": 21, "object_id": "1", "object_repr": "OrderTest object (1)", "action_flag": 1, "change_message": "[{\"added\": {}}]"}}, {"model": "admin.logentry", "pk": 75, "fields": {"action_time": "2021-11-12T23:20:12.286Z", "user": 1, "content_type": 23, "object_id": "2", "object_repr": "Order: Animaniacs", "action_flag": 1, "change_message": "[{\"added\": {}}]"}}, {"model": "admin.logentry", "pk": 76, "fields": {"action_time": "2021-11-12T23:20:24.696Z", "user": 1, "content_type": 21, "object_id": "2", "object_repr": "OrderTest object (2)", "action_flag": 1, "change_message": "[{\"added\": {}}]"}}, {"model": "admin.logentry", "pk": 77, "fields": {"action_time": "2021-11-12T23:20:32.894Z", "user": 1, "content_type": 21, "object_id": "3", "object_repr": "OrderTest object (3)", "action_flag": 1, "change_message": "[{\"added\": {}}]"}}, {"model": "admin.logentry", "pk": 78, "fields": {"action_time": "2021-11-12T23:20:57.935Z", "user": 1, "content_type": 13, "object_id": "4", "object_repr": "Blood", "action_flag": 1, "change_message": "[{\"added\": {}}]"}}, {"model": "admin.logentry", "pk": 79, "fields": {"action_time": "2021-11-12T23:21:07.279Z", "user": 1, "content_type": 20, "object_id": "1", "object_repr": "OrderSample object (1)", "action_flag": 1, "change_message": "[{\"added\": {}}]"}}, {"model": "admin.logentry", "pk": 80, "fields": {"action_time": "2021-11-12T23:25:39.504Z", "user": 1, "content_type": 10, "object_id": "2", "object_repr": "Cotton Swabs", "action_flag": 2, "change_message": "[]"}}, {"model": "admin.logentry", "pk": 81, "fields": {"action_time": "2021-11-12T23:25:44.082Z", "user": 1, "content_type": 10, "object_id": "1", "object_repr": "Cotton Swabs", "action_flag": 2, "change_message": "[]"}}, {"model": "admin.logentry", "pk": 82, "fields": {"action_time": "2021-11-12T23:25:51.436Z", "user": 1, "content_type": 10, "object_id": "1", "object_repr": "Test Tubes", "action_flag": 2, "change_message": "[{\"changed\": {\"fields\": [\"Type\"]}}]"}}, {"model": "admin.logentry", "pk": 83, "fields": {"action_time": "2021-11-22T05:06:06.924Z", "user": 1, "content_type": 23, "object_id": "3", "object_repr": "Order: Animaniacs", "action_flag": 1, "change_message": "[{\"added\": {}}]"}}, {"model": "admin.logentry", "pk": 84, "fields": {"action_time": "2021-11-22T05:06:24.569Z", "user": 1, "content_type": 21, "object_id": "3", "object_repr": "OrderTest object (3)", "action_flag": 2, "change_message": "[{\"changed\": {\"fields\": [\"Test id\"]}}]"}}, {"model": "admin.logentry", "pk": 85, "fields": {"action_time": "2021-11-22T05:06:41.851Z", "user": 1, "content_type": 20, "object_id": "2", "object_repr": "OrderSample object (2)", "action_flag": 1, "change_message": "[{\"added\": {}}]"}}, {"model": "admin.logentry", "pk": 86, "fields": {"action_time": "2021-11-22T05:07:11.059Z", "user": 1, "content_type": 13, "object_id": "5", "object_repr": "Blood", "action_flag": 1, "change_message": "[{\"added\": {}}]"}}, {"model": "admin.logentry", "pk": 87, "fields": {"action_time": "2021-11-22T05:07:30.370Z", "user": 1, "content_type": 14, "object_id": "3", "object_repr": "Blood", "action_flag": 1, "change_message": "[{\"added\": {}}]"}}, {"model": "admin.logentry", "pk": 88, "fields": {"action_time": "2021-11-22T05:07:38.822Z", "user": 1, "content_type": 16, "object_id": "2", "object_repr": "Blood Type on Blood", "action_flag": 1, "change_message": "[{\"added\": {}}]"}}, {"model": "admin.logentry", "pk": 89, "fields": {"action_time": "2021-11-22T05:08:00.546Z", "user": 1, "content_type": 15, "object_id": "2", "object_repr": "Blood Type", "action_flag": 1, "change_message": "[{\"added\": {}}]"}}, {"model": "admin.logentry", "pk": 90, "fields": {"action_time": "2021-11-22T05:50:38.691Z", "user": 1, "content_type": 23, "object_id": "3", "object_repr": "Order: Animaniacs", "action_flag": 2, "change_message": "[]"}}, {"model": "admin.logentry", "pk": 91, "fields": {"action_time": "2021-11-22T05:56:56.087Z", "user": 1, "content_type": 9, "object_id": "3", "object_repr": "Scrooge McDuck", "action_flag": 2, "change_message": "[{\"changed\": {\"fields\": [\"Account number\"]}}]"}}, {"model": "admin.logentry", "pk": 92, "fields": {"action_time": "2021-11-22T05:57:00.648Z", "user": 1, "content_type": 9, "object_id": "2", "object_repr": "Jeff Bezos", "action_flag": 2, "change_message": "[{\"changed\": {\"fields\": [\"Account number\"]}}]"}}, {"model": "admin.logentry", "pk": 93, "fields": {"action_time": "2021-11-22T05:57:05.267Z", "user": 1, "content_type": 9, "object_id": "1", "object_repr": "Bill Gates", "action_flag": 2, "change_message": "[{\"changed\": {\"fields\": [\"Account number\"]}}]"}}, {"model": "admin.logentry", "pk": 94, "fields": {"action_time": "2021-11-22T05:57:49.802Z", "user": 1, "content_type": 23, "object_id": "3", "object_repr": "Order: Animaniacs", "action_flag": 2, "change_message": "[]"}}, {"model": "admin.logentry", "pk": 95, "fields": {"action_time": "2021-11-22T05:57:53.942Z", "user": 1, "content_type": 23, "object_id": "2", "object_repr": "Order: Animaniacs", "action_flag": 2, "change_message": "[{\"changed\": {\"fields\": [\"Order number\"]}}]"}}, {"model": "admin.logentry", "pk": 96, "fields": {"action_time": "2021-11-22T05:57:58.246Z", "user": 1, "content_type": 23, "object_id": "1", "object_repr": "Order: Microsoft", "action_flag": 2, "change_message": "[{\"changed\": {\"fields\": [\"Order number\"]}}]"}}, {"model": "admin.logentry", "pk": 97, "fields": {"action_time": "2021-11-22T06:15:31.052Z", "user": 1, "content_type": 14, "object_id": "3", "object_repr": "Blood", "action_flag": 2, "change_message": "[]"}}, {"model": "admin.logentry", "pk": 98, "fields": {"action_time": "2021-11-22T06:15:33.033Z", "user": 1, "content_type": 14, "object_id": "3", "object_repr": "Blood", "action_flag": 2, "change_message": "[]"}}, {"model": "admin.logentry", "pk": 99, "fields": {"action_time": "2021-11-22T06:15:42.029Z", "user": 1, "content_type": 13, "object_id": "5", "object_repr": "Blood", "action_flag": 2, "change_message": "[]"}}, {"model": "admin.logentry", "pk": 100, "fields": {"action_time": "2021-11-22T06:16:17.281Z", "user": 1, "content_type": 21, "object_id": "3", "object_repr": "OrderTest object (3)", "action_flag": 2, "change_message": "[{\"changed\": {\"fields\": [\"Order number\"]}}]"}}, {"model": "admin.logentry", "pk": 101, "fields": {"action_time": "2022-01-19T02:51:59.524Z", "user": 1, "content_type": 4, "object_id": "10", "object_repr": "drjekyll", "action_flag": 2, "change_message": "[{\"changed\": {\"fields\": [\"Staff status\"]}}]"}}, {"model": "admin.logentry", "pk": 102, "fields": {"action_time": "2022-01-19T02:52:12.938Z", "user": 1, "content_type": 4, "object_id": "9", "object_repr": "vfrank", "action_flag": 2, "change_message": "[{\"changed\": {\"fields\": [\"Staff status\"]}}]"}}, {"model": "admin.logentry", "pk": 103, "fields": {"action_time": "2022-01-20T05:31:39.877Z", "user": 1, "content_type": 3, "object_id": "1", "object_repr": "Clients", "action_flag": 1, "change_message": "[{\"added\": {}}]"}}, {"model": "admin.logentry", "pk": 104, "fields": {"action_time": "2022-01-20T05:31:53.388Z", "user": 1, "content_type": 3, "object_id": "1", "object_repr": "Clients", "action_flag": 3, "change_message": ""}}, {"model": "admin.logentry", "pk": 105, "fields": {"action_time": "2022-01-20T05:32:14.115Z", "user": 1, "content_type": 3, "object_id": "2", "object_repr": "Clients", "action_flag": 1, "change_message": "[{\"added\": {}}]"}}, {"model": "admin.logentry", "pk": 106, "fields": {"action_time": "2022-01-20T05:32:17.445Z", "user": 1, "content_type": 3, "object_id": "3", "object_repr": "Lab admins", "action_flag": 1, "change_message": "[{\"added\": {}}]"}}, {"model": "admin.logentry", "pk": 107, "fields": {"action_time": "2022-01-20T05:32:23.059Z", "user": 1, "content_type": 3, "object_id": "4", "object_repr": "Lab workers", "action_flag": 1, "change_message": "[{\"added\": {}}]"}}, {"model": "admin.logentry", "pk": 108, "fields": {"action_time": "2022-01-20T05:32:28.992Z", "user": 1, "content_type": 3, "object_id": "2", "object_repr": "Clients", "action_flag": 2, "change_message": "[]"}}, {"model": "admin.logentry", "pk": 109, "fields": {"action_time": "2022-01-20T05:33:07.627Z", "user": 1, "content_type": 3, "object_id": "3", "object_repr": "Lab admins", "action_flag": 2, "change_message": "[{\"changed\": {\"fields\": [\"Permissions\"]}}]"}}, {"model": "admin.logentry", "pk": 110, "fields": {"action_time": "2022-01-20T05:34:28.197Z", "user": 1, "content_type": 3, "object_id": "4", "object_repr": "Lab workers", "action_flag": 2, "change_message": "[{\"changed\": {\"fields\": [\"Permissions\"]}}]"}}, {"model": "admin.logentry", "pk": 111, "fields": {"action_time": "2022-01-20T05:34:58.533Z", "user": 1, "content_type": 4, "object_id": "9", "object_repr": "vfrank", "action_flag": 2, "change_message": "[{\"changed\": {\"fields\": [\"Groups\"]}}]"}}, {"model": "admin.logentry", "pk": 112, "fields": {"action_time": "2022-01-20T05:35:05.863Z", "user": 1, "content_type": 4, "object_id": "10", "object_repr": "drjekyll", "action_flag": 2, "change_message": "[{\"changed\": {\"fields\": [\"Groups\"]}}]"}}, {"model": "admin.logentry", "pk": 113, "fields": {"action_time": "2022-01-20T05:35:14.843Z", "user": 1, "content_type": 4, "object_id": "11", "object_repr": "thebrain", "action_flag": 2, "change_message": "[{\"changed\": {\"fields\": [\"Groups\"]}}]"}}, {"model": "admin.logentry", "pk": 114, "fields": {"action_time": "2022-01-20T05:35:23.003Z", "user": 1, "content_type": 4, "object_id": "1", "object_repr": "root", "action_flag": 2, "change_message": "[{\"changed\": {\"fields\": [\"Groups\"]}}]"}}, {"model": "admin.logentry", "pk": 115, "fields": {"action_time": "2022-01-20T05:35:32.971Z", "user": 1, "content_type": 4, "object_id": "1", "object_repr": "root", "action_flag": 2, "change_message": "[{\"changed\": {\"fields\": [\"Groups\"]}}]"}}, {"model": "admin.logentry", "pk": 116, "fields": {"action_time": "2022-01-20T05:49:24.845Z", "user": 1, "content_type": 3, "object_id": "3", "object_repr": "Lab admins", "action_flag": 2, "change_message": "[{\"changed\": {\"fields\": [\"Permissions\"]}}]"}}, {"model": "admin.logentry", "pk": 117, "fields": {"action_time": "2022-02-02T17:41:53.531Z", "user": 1, "content_type": 18, "object_id": "1", "object_repr": "Soil Quality Test", "action_flag": 2, "change_message": "[{\"changed\": {\"fields\": [\"Sample type\"]}}]"}}, {"model": "admin.logentry", "pk": 118, "fields": {"action_time": "2022-02-02T17:42:13.053Z", "user": 1, "content_type": 18, "object_id": "5", "object_repr": "Thyroid Panel", "action_flag": 2, "change_message": "[{\"changed\": {\"fields\": [\"Sample type\"]}}]"}}, {"model": "admin.logentry", "pk": 119, "fields": {"action_time": "2022-02-02T17:42:29.472Z", "user": 1, "content_type": 18, "object_id": "4", "object_repr": "Blood Type", "action_flag": 2, "change_message": "[{\"changed\": {\"fields\": [\"Sample type\"]}}]"}}, {"model": "admin.logentry", "pk": 120, "fields": {"action_time": "2022-02-02T17:42:40.727Z", "user": 1, "content_type": 18, "object_id": "3", "object_repr": "Iron Level Test", "action_flag": 2, "change_message": "[{\"changed\": {\"fields\": [\"Sample type\"]}}]"}}, {"model": "admin.logentry", "pk": 121, "fields": {"action_time": "2022-02-02T17:52:33.553Z", "user": 1, "content_type": 18, "object_id": "2", "object_repr": "Trace Metal Detection", "action_flag": 2, "change_message": "[{\"changed\": {\"fields\": [\"Sample type\"]}}]"}}, {"model": "admin.logentry", "pk": 122, "fields": {"action_time": "2022-02-02T17:53:10.676Z", "user": 1, "content_type": 18, "object_id": "5", "object_repr": "Thyroid Panel", "action_flag": 2, "change_message": "[]"}}, {"model": "auth.permission", "pk": 1, "fields": {"name": "Can add log entry", "content_type": 1, "codename": "add_logentry"}}, {"model": "auth.permission", "pk": 2, "fields": {"name": "Can change log entry", "content_type": 1, "codename": "change_logentry"}}, {"model": "auth.permission", "pk": 3, "fields": {"name": "Can delete log entry", "content_type": 1, "codename": "delete_logentry"}}, {"model": "auth.permission", "pk": 4, "fields": {"name": "Can view log entry", "content_type": 1, "codename": "view_logentry"}}, {"model": "auth.permission", "pk": 5, "fields": {"name": "Can add permission", "content_type": 2, "codename": "add_permission"}}, {"model": "auth.permission", "pk": 6, "fields": {"name": "Can change permission", "content_type": 2, "codename": "change_permission"}}, {"model": "auth.permission", "pk": 7, "fields": {"name": "Can delete permission", "content_type": 2, "codename": "delete_permission"}}, {"model": "auth.permission", "pk": 8, "fields": {"name": "Can view permission", "content_type": 2, "codename": "view_permission"}}, {"model": "auth.permission", "pk": 9, "fields": {"name": "Can add group", "content_type": 3, "codename": "add_group"}}, {"model": "auth.permission", "pk": 10, "fields": {"name": "Can change group", "content_type": 3, "codename": "change_group"}}, {"model": "auth.permission", "pk": 11, "fields": {"name": "Can delete group", "content_type": 3, "codename": "delete_group"}}, {"model": "auth.permission", "pk": 12, "fields": {"name": "Can view group", "content_type": 3, "codename": "view_group"}}, {"model": "auth.permission", "pk": 13, "fields": {"name": "Can add user", "content_type": 4, "codename": "add_user"}}, {"model": "auth.permission", "pk": 14, "fields": {"name": "Can change user", "content_type": 4, "codename": "change_user"}}, {"model": "auth.permission", "pk": 15, "fields": {"name": "Can delete user", "content_type": 4, "codename": "delete_user"}}, {"model": "auth.permission", "pk": 16, "fields": {"name": "Can view user", "content_type": 4, "codename": "view_user"}}, {"model": "auth.permission", "pk": 17, "fields": {"name": "Can add content type", "content_type": 5, "codename": "add_contenttype"}}, {"model": "auth.permission", "pk": 18, "fields": {"name": "Can change content type", "content_type": 5, "codename": "change_contenttype"}}, {"model": "auth.permission", "pk": 19, "fields": {"name": "Can delete content type", "content_type": 5, "codename": "delete_contenttype"}}, {"model": "auth.permission", "pk": 20, "fields": {"name": "Can view content type", "content_type": 5, "codename": "view_contenttype"}}, {"model": "auth.permission", "pk": 21, "fields": {"name": "Can add session", "content_type": 6, "codename": "add_session"}}, {"model": "auth.permission", "pk": 22, "fields": {"name": "Can change session", "content_type": 6, "codename": "change_session"}}, {"model": "auth.permission", "pk": 23, "fields": {"name": "Can delete session", "content_type": 6, "codename": "delete_session"}}, {"model": "auth.permission", "pk": 24, "fields": {"name": "Can view session", "content_type": 6, "codename": "view_session"}}, {"model": "auth.permission", "pk": 25, "fields": {"name": "Can add lab admin", "content_type": 7, "codename": "add_labadmin"}}, {"model": "auth.permission", "pk": 26, "fields": {"name": "Can change lab admin", "content_type": 7, "codename": "change_labadmin"}}, {"model": "auth.permission", "pk": 27, "fields": {"name": "Can delete lab admin", "content_type": 7, "codename": "delete_labadmin"}}, {"model": "auth.permission", "pk": 28, "fields": {"name": "Can view lab admin", "content_type": 7, "codename": "view_labadmin"}}, {"model": "auth.permission", "pk": 29, "fields": {"name": "Can add lab worker", "content_type": 8, "codename": "add_labworker"}}, {"model": "auth.permission", "pk": 30, "fields": {"name": "Can change lab worker", "content_type": 8, "codename": "change_labworker"}}, {"model": "auth.permission", "pk": 31, "fields": {"name": "Can delete lab worker", "content_type": 8, "codename": "delete_labworker"}}, {"model": "auth.permission", "pk": 32, "fields": {"name": "Can view lab worker", "content_type": 8, "codename": "view_labworker"}}, {"model": "auth.permission", "pk": 33, "fields": {"name": "Can add client", "content_type": 9, "codename": "add_client"}}, {"model": "auth.permission", "pk": 34, "fields": {"name": "Can change client", "content_type": 9, "codename": "change_client"}}, {"model": "auth.permission", "pk": 35, "fields": {"name": "Can delete client", "content_type": 9, "codename": "delete_client"}}, {"model": "auth.permission", "pk": 36, "fields": {"name": "Can view client", "content_type": 9, "codename": "view_client"}}, {"model": "auth.permission", "pk": 37, "fields": {"name": "Can add inventory item", "content_type": 10, "codename": "add_inventoryitem"}}, {"model": "auth.permission", "pk": 38, "fields": {"name": "Can change inventory item", "content_type": 10, "codename": "change_inventoryitem"}}, {"model": "auth.permission", "pk": 39, "fields": {"name": "Can delete inventory item", "content_type": 10, "codename": "delete_inventoryitem"}}, {"model": "auth.permission", "pk": 40, "fields": {"name": "Can view inventory item", "content_type": 10, "codename": "view_inventoryitem"}}, {"model": "auth.permission", "pk": 41, "fields": {"name": "Can add instrument", "content_type": 11, "codename": "add_instrument"}}, {"model": "auth.permission", "pk": 42, "fields": {"name": "Can change instrument", "content_type": 11, "codename": "change_instrument"}}, {"model": "auth.permission", "pk": 43, "fields": {"name": "Can delete instrument", "content_type": 11, "codename": "delete_instrument"}}, {"model": "auth.permission", "pk": 44, "fields": {"name": "Can view instrument", "content_type": 11, "codename": "view_instrument"}}, {"model": "auth.permission", "pk": 45, "fields": {"name": "Can add test instrument", "content_type": 12, "codename": "add_testinstrument"}}, {"model": "auth.permission", "pk": 46, "fields": {"name": "Can change test instrument", "content_type": 12, "codename": "change_testinstrument"}}, {"model": "auth.permission", "pk": 47, "fields": {"name": "Can delete test instrument", "content_type": 12, "codename": "delete_testinstrument"}}, {"model": "auth.permission", "pk": 48, "fields": {"name": "Can view test instrument", "content_type": 12, "codename": "view_testinstrument"}}, {"model": "auth.permission", "pk": 49, "fields": {"name": "Can add sample", "content_type": 13, "codename": "add_sample"}}, {"model": "auth.permission", "pk": 50, "fields": {"name": "Can change sample", "content_type": 13, "codename": "change_sample"}}, {"model": "auth.permission", "pk": 51, "fields": {"name": "Can delete sample", "content_type": 13, "codename": "delete_sample"}}, {"model": "auth.permission", "pk": 52, "fields": {"name": "Can view sample", "content_type": 13, "codename": "view_sample"}}, {"model": "auth.permission", "pk": 53, "fields": {"name": "Can add lab sample", "content_type": 14, "codename": "add_labsample"}}, {"model": "auth.permission", "pk": 54, "fields": {"name": "Can change lab sample", "content_type": 14, "codename": "change_labsample"}}, {"model": "auth.permission", "pk": 55, "fields": {"name": "Can delete lab sample", "content_type": 14, "codename": "delete_labsample"}}, {"model": "auth.permission", "pk": 56, "fields": {"name": "Can view lab sample", "content_type": 14, "codename": "view_labsample"}}, {"model": "auth.permission", "pk": 57, "fields": {"name": "Can add test result", "content_type": 15, "codename": "add_testresult"}}, {"model": "auth.permission", "pk": 58, "fields": {"name": "Can change test result", "content_type": 15, "codename": "change_testresult"}}, {"model": "auth.permission", "pk": 59, "fields": {"name": "Can delete test result", "content_type": 15, "codename": "delete_testresult"}}, {"model": "auth.permission", "pk": 60, "fields": {"name": "Can view test result", "content_type": 15, "codename": "view_testresult"}}, {"model": "auth.permission", "pk": 61, "fields": {"name": "Can add test sample", "content_type": 16, "codename": "add_testsample"}}, {"model": "auth.permission", "pk": 62, "fields": {"name": "Can change test sample", "content_type": 16, "codename": "change_testsample"}}, {"model": "auth.permission", "pk": 63, "fields": {"name": "Can delete test sample", "content_type": 16, "codename": "delete_testsample"}}, {"model": "auth.permission", "pk": 64, "fields": {"name": "Can view test sample", "content_type": 16, "codename": "view_testsample"}}, {"model": "auth.permission", "pk": 65, "fields": {"name": "Can add location", "content_type": 17, "codename": "add_location"}}, {"model": "auth.permission", "pk": 66, "fields": {"name": "Can change location", "content_type": 17, "codename": "change_location"}}, {"model": "auth.permission", "pk": 67, "fields": {"name": "Can delete location", "content_type": 17, "codename": "delete_location"}}, {"model": "auth.permission", "pk": 68, "fields": {"name": "Can view location", "content_type": 17, "codename": "view_location"}}, {"model": "auth.permission", "pk": 69, "fields": {"name": "Can add test", "content_type": 18, "codename": "add_test"}}, {"model": "auth.permission", "pk": 70, "fields": {"name": "Can change test", "content_type": 18, "codename": "change_test"}}, {"model": "auth.permission", "pk": 71, "fields": {"name": "Can delete test", "content_type": 18, "codename": "delete_test"}}, {"model": "auth.permission", "pk": 72, "fields": {"name": "Can view test", "content_type": 18, "codename": "view_test"}}, {"model": "auth.permission", "pk": 73, "fields": {"name": "Can add test package", "content_type": 19, "codename": "add_testpackage"}}, {"model": "auth.permission", "pk": 74, "fields": {"name": "Can change test package", "content_type": 19, "codename": "change_testpackage"}}, {"model": "auth.permission", "pk": 75, "fields": {"name": "Can delete test package", "content_type": 19, "codename": "delete_testpackage"}}, {"model": "auth.permission", "pk": 76, "fields": {"name": "Can view test package", "content_type": 19, "codename": "view_testpackage"}}, {"model": "auth.permission", "pk": 77, "fields": {"name": "Can add order sample", "content_type": 20, "codename": "add_ordersample"}}, {"model": "auth.permission", "pk": 78, "fields": {"name": "Can change order sample", "content_type": 20, "codename": "change_ordersample"}}, {"model": "auth.permission", "pk": 79, "fields": {"name": "Can delete order sample", "content_type": 20, "codename": "delete_ordersample"}}, {"model": "auth.permission", "pk": 80, "fields": {"name": "Can view order sample", "content_type": 20, "codename": "view_ordersample"}}, {"model": "auth.permission", "pk": 81, "fields": {"name": "Can add order test", "content_type": 21, "codename": "add_ordertest"}}, {"model": "auth.permission", "pk": 82, "fields": {"name": "Can change order test", "content_type": 21, "codename": "change_ordertest"}}, {"model": "auth.permission", "pk": 83, "fields": {"name": "Can delete order test", "content_type": 21, "codename": "delete_ordertest"}}, {"model": "auth.permission", "pk": 84, "fields": {"name": "Can view order test", "content_type": 21, "codename": "view_ordertest"}}, {"model": "auth.permission", "pk": 85, "fields": {"name": "Can add package", "content_type": 22, "codename": "add_package"}}, {"model": "auth.permission", "pk": 86, "fields": {"name": "Can change package", "content_type": 22, "codename": "change_package"}}, {"model": "auth.permission", "pk": 87, "fields": {"name": "Can delete package", "content_type": 22, "codename": "delete_package"}}, {"model": "auth.permission", "pk": 88, "fields": {"name": "Can view package", "content_type": 22, "codename": "view_package"}}, {"model": "auth.permission", "pk": 89, "fields": {"name": "Can add order", "content_type": 23, "codename": "add_order"}}, {"model": "auth.permission", "pk": 90, "fields": {"name": "Can change order", "content_type": 23, "codename": "change_order"}}, {"model": "auth.permission", "pk": 91, "fields": {"name": "Can delete order", "content_type": 23, "codename": "delete_order"}}, {"model": "auth.permission", "pk": 92, "fields": {"name": "Can view order", "content_type": 23, "codename": "view_order"}}, {"model": "auth.permission", "pk": 93, "fields": {"name": "Can add training schedule", "content_type": 24, "codename": "add_trainingschedule"}}, {"model": "auth.permission", "pk": 94, "fields": {"name": "Can change training schedule", "content_type": 24, "codename": "change_trainingschedule"}}, {"model": "auth.permission", "pk": 95, "fields": {"name": "Can delete training schedule", "content_type": 24, "codename": "delete_trainingschedule"}}, {"model": "auth.permission", "pk": 96, "fields": {"name": "Can view training schedule", "content_type": 24, "codename": "view_trainingschedule"}}, {"model": "auth.permission", "pk": 97, "fields": {"name": "Can add training attendence", "content_type": 25, "codename": "add_trainingattendence"}}, {"model": "auth.permission", "pk": 98, "fields": {"name": "Can change training attendence", "content_type": 25, "codename": "change_trainingattendence"}}, {"model": "auth.permission", "pk": 99, "fields": {"name": "Can delete training attendence", "content_type": 25, "codename": "delete_trainingattendence"}}, {"model": "auth.permission", "pk": 100, "fields": {"name": "Can view training attendence", "content_type": 25, "codename": "view_trainingattendence"}}, {"model": "auth.permission", "pk": 101, "fields": {"name": "Can add training", "content_type": 26, "codename": "add_training"}}, {"model": "auth.permission", "pk": 102, "fields": {"name": "Can change training", "content_type": 26, "codename": "change_training"}}, {"model": "auth.permission", "pk": 103, "fields": {"name": "Can delete training", "content_type": 26, "codename": "delete_training"}}, {"model": "auth.permission", "pk": 104, "fields": {"name": "Can view training", "content_type": 26, "codename": "view_training"}}, {"model": "auth.permission", "pk": 105, "fields": {"name": "Can add test package", "content_type": 27, "codename": "add_testpackage"}}, {"model": "auth.permission", "pk": 106, "fields": {"name": "Can change test package", "content_type": 27, "codename": "change_testpackage"}}, {"model": "auth.permission", "pk": 107, "fields": {"name": "Can delete test package", "content_type": 27, "codename": "delete_testpackage"}}, {"model": "auth.permission", "pk": 108, "fields": {"name": "Can view test package", "content_type": 27, "codename": "view_testpackage"}}, {"model": "auth.permission", "pk": 109, "fields": {"name": "Can add test result", "content_type": 28, "codename": "add_testresult"}}, {"model": "auth.permission", "pk": 110, "fields": {"name": "Can change test result", "content_type": 28, "codename": "change_testresult"}}, {"model": "auth.permission", "pk": 111, "fields": {"name": "Can delete test result", "content_type": 28, "codename": "delete_testresult"}}, {"model": "auth.permission", "pk": 112, "fields": {"name": "Can view test result", "content_type": 28, "codename": "view_testresult"}}, {"model": "auth.permission", "pk": 113, "fields": {"name": "Can add lab sample", "content_type": 29, "codename": "add_labsample"}}, {"model": "auth.permission", "pk": 114, "fields": {"name": "Can change lab sample", "content_type": 29, "codename": "change_labsample"}}, {"model": "auth.permission", "pk": 115, "fields": {"name": "Can delete lab sample", "content_type": 29, "codename": "delete_labsample"}}, {"model": "auth.permission", "pk": 116, "fields": {"name": "Can view lab sample", "content_type": 29, "codename": "view_labsample"}}, {"model": "auth.permission", "pk": 117, "fields": {"name": "Can add order sample", "content_type": 30, "codename": "add_ordersample"}}, {"model": "auth.permission", "pk": 118, "fields": {"name": "Can change order sample", "content_type": 30, "codename": "change_ordersample"}}, {"model": "auth.permission", "pk": 119, "fields": {"name": "Can delete order sample", "content_type": 30, "codename": "delete_ordersample"}}, {"model": "auth.permission", "pk": 120, "fields": {"name": "Can view order sample", "content_type": 30, "codename": "view_ordersample"}}, {"model": "auth.permission", "pk": 121, "fields": {"name": "Can add test sample", "content_type": 31, "codename": "add_testsample"}}, {"model": "auth.permission", "pk": 122, "fields": {"name": "Can change test sample", "content_type": 31, "codename": "change_testsample"}}, {"model": "auth.permission", "pk": 123, "fields": {"name": "Can delete test sample", "content_type": 31, "codename": "delete_testsample"}}, {"model": "auth.permission", "pk": 124, "fields": {"name": "Can view test sample", "content_type": 31, "codename": "view_testsample"}}, {"model": "auth.permission", "pk": 125, "fields": {"name": "Can add order test", "content_type": 32, "codename": "add_ordertest"}}, {"model": "auth.permission", "pk": 126, "fields": {"name": "Can change order test", "content_type": 32, "codename": "change_ordertest"}}, {"model": "auth.permission", "pk": 127, "fields": {"name": "Can delete order test", "content_type": 32, "codename": "delete_ordertest"}}, {"model": "auth.permission", "pk": 128, "fields": {"name": "Can view order test", "content_type": 32, "codename": "view_ordertest"}}, {"model": "auth.permission", "pk": 129, "fields": {"name": "Can add sample", "content_type": 33, "codename": "add_sample"}}, {"model": "auth.permission", "pk": 130, "fields": {"name": "Can change sample", "content_type": 33, "codename": "change_sample"}}, {"model": "auth.permission", "pk": 131, "fields": {"name": "Can delete sample", "content_type": 33, "codename": "delete_sample"}}, {"model": "auth.permission", "pk": 132, "fields": {"name": "Can view sample", "content_type": 33, "codename": "view_sample"}}, {"model": "auth.group", "pk": 2, "fields": {"name": "Clients", "permissions": []}}, {"model": "auth.group", "pk": 3, "fields": {"name": "Lab admins", "permissions": [33, 34, 35, 36, 28, 29, 30, 31, 32, 1, 2, 3, 4, 41, 42, 43, 44, 37, 38, 39, 40, 53, 54, 55, 56, 65, 66, 67, 68, 49, 50, 51, 52, 69, 70, 71, 72, 45, 46, 47, 48, 57, 58, 59, 60, 61, 62, 63, 64, 89, 90, 91, 92, 77, 78, 79, 80, 81, 82, 83, 84, 85, 86, 87, 88, 73, 74, 75, 76, 21, 22, 23, 24, 101, 102, 103, 104, 97, 98, 99, 100, 93, 94, 95, 96]}}, {"model": "auth.group", "pk": 4, "fields": {"name": "Lab workers", "permissions": [36, 28, 32, 44, 40, 53, 54, 55, 56, 68, 49, 50, 51, 52, 69, 70, 71, 72, 48, 57, 58, 59, 60, 61, 62, 63, 64, 89, 90, 91, 92, 77, 78, 79, 80, 81, 82, 83, 84, 85, 86, 87, 88, 73, 74, 75, 76, 24, 104, 97, 100, 96]}}, {"model": "auth.user", "pk": 1, "fields": {"password": "pbkdf2_sha256$260000$vP02AtkXbUqPDoyy1J7aTK$h92YqUASfqUw6c2zlWUbNAleLY4TzaFloiohv6UvKAo=", "last_login": "2022-02-02T17:36:56.603Z", "is_superuser": true, "username": "root", "first_name": "root", "last_name": "root", "email": "root@root.com", "is_staff": true, "is_active": true, "date_joined": "2021-10-21T23:25:56Z", "groups": [], "user_permissions": []}}, {"model": "auth.user", "pk": 2, "fields": {"password": "pbkdf2_sha256$260000$t6WTNGGmsPIhT3m6gvmgX2$PJC5woI5e6VYWNio0SPkbhHsPeXPy/3O3tueHoYA+bU=", "last_login": "2021-10-21T23:26:30.114Z", "is_superuser": false, "username": "sselincourt@gmail.com", "first_name": "", "last_name": "", "email": "", "is_staff": false, "is_active": true, "date_joined": "2021-10-21T23:26:20.927Z", "groups": [], "user_permissions": []}}, {"model": "auth.user", "pk": 3, "fields": {"password": "pbkdf2_sha256$260000$R3eOIZPB5gIZCDvegAAKcI$+GLpynEe/fuuzjGkoSCAd37/aQRfRnX84dwNjjjM8Sw=", "last_login": null, "is_superuser": false, "username": "escrooge", "first_name": "Ebenezer", "last_name": "Scrooge", "email": "bahumbug@email.com", "is_staff": false, "is_active": true, "date_joined": "2021-11-05T06:17:30Z", "groups": [], "user_permissions": []}}, {"model": "auth.user", "pk": 4, "fields": {"password": "pbkdf2_sha256$260000$6SnbIQqBOywWbnK0o5twU8$wil68MQG5vcBhmOW5CdxZXnayUStK/idJcwhSJelj4g=", "last_login": null, "is_superuser": false, "username": "todinson", "first_name": "Tod", "last_name": "Todinson", "email": "tt@email.com", "is_staff": false, "is_active": true, "date_joined": "2021-11-05T06:18:26Z", "groups": [], "user_permissions": []}}, {"model": "auth.user", "pk": 5, "fields": {"password": "pbkdf2_sha256$260000$eJkJjkJzUQ53PISQEuuaMr$Ilhyl5KppfusrJkQqrJjw23zqDSYyYkeNWkLKQvAOMo=", "last_login": null, "is_superuser": false, "username": "bwidow", "first_name": "Natasha", "last_name": "Romanoff", "email": "bwidow@avengers.com", "is_staff": false, "is_active": true, "date_joined": "2021-11-05T06:18:41Z", "groups": [], "user_permissions": []}}, {"model": "auth.user", "pk": 6, "fields": {"password": "pbkdf2_sha256$260000$NSzIpCFFWbOuHLliVCHITc$hruvKl7d3HieewHVj8VnFd+7plzh9qj8t0fdJxjp2oU=", "last_login": null, "is_superuser": false, "username": "bgates", "first_name": "Bill", "last_name": "Gates", "email": "bgates@fakeemail.com", "is_staff": false, "is_active": true, "date_joined": "2021-11-05T06:19:24Z", "groups": [], "user_permissions": []}}, {"model": "auth.user", "pk": 7, "fields": {"password": "pbkdf2_sha256$260000$I1m05nz0fWoXt8NE9YcCXs$aav8eikTgV+jz9POj45/Qt8s5ks7j+r4OBlTlz0UpV4=", "last_login": null, "is_superuser": false, "username": "jbezos", "first_name": "Jeff", "last_name": "Bezos", "email": "toomuchmoney@amazon.com", "is_staff": false, "is_active": true, "date_joined": "2021-11-05T06:19:34Z", "groups": [], "user_permissions": []}}, {"model": "auth.user", "pk": 8, "fields": {"password": "pbkdf2_sha256$260000$gwnyG8KbwHhHvar52bPvbS$Gs/2cWMf9bxVxXzof3wr5OGiweFVNPNbu5sx8jENVsc=", "last_login": null, "is_superuser": false, "username": "jtest", "first_name": "Johnny", "last_name": "Test", "email": "jtest@wb.ca", "is_staff": false, "is_active": true, "date_joined": "2021-11-06T00:22:21Z", "groups": [], "user_permissions": []}}, {"model": "auth.user", "pk": 9, "fields": {"password": "pbkdf2_sha256$260000$eSuS526aFODr9cvQJxSPeg$Eu4VpF7YZcIIwdUEUPwDu95tlN9LK2tTAw//xW1qMqQ=", "last_login": "2022-01-25T03:53:29.949Z", "is_superuser": false, "username": "vfrank", "first_name": "Victor", "last_name": "Frankenstein", "email": "vfrank@merryshelley.com", "is_staff": true, "is_active": true, "date_joined": "2021-11-12T23:01:18Z", "groups": [4], "user_permissions": []}}, {"model": "auth.user", "pk": 10, "fields": {"password": "pbkdf2_sha256$260000$1oqvSzjH3OUSzzNBP2GP1j$wMKcDMOChxT2HDeWogFEsIVhYIlNPznCYnzxx1f1iH0=", "last_login": "2022-01-22T04:38:03.846Z", "is_superuser": false, "username": "drjekyll", "first_name": "Henry", "last_name": "Jekyll", "email": "henryjekyll@doctor.com", "is_staff": true, "is_active": true, "date_joined": "2021-11-12T23:05:05Z", "groups": [3], "user_permissions": []}}, {"model": "auth.user", "pk": 11, "fields": {"password": "pbkdf2_sha256$260000$ODS5iTP7DEVJcctUKfxnMI$UxlWwE+BqOoeSZ0aA65ql+tvIr/9WtWzmgcVLxZNFm8=", "last_login": "2022-02-04T01:05:56.670Z", "is_superuser": false, "username": "thebrain", "first_name": "The", "last_name": "Brain", "email": "thebrain@wb.com", "is_staff": false, "is_active": true, "date_joined": "2021-11-12T23:08:34Z", "groups": [2], "user_permissions": []}}, {"model": "contenttypes.contenttype", "pk": 1, "fields": {"app_label": "admin", "model": "logentry"}}, {"model": "contenttypes.contenttype", "pk": 2, "fields": {"app_label": "auth", "model": "permission"}}, {"model": "contenttypes.contenttype", "pk": 3, "fields": {"app_label": "auth", "model": "group"}}, {"model": "contenttypes.contenttype", "pk": 4, "fields": {"app_label": "auth", "model": "user"}}, {"model": "contenttypes.contenttype", "pk": 5, "fields": {"app_label": "contenttypes", "model": "contenttype"}}, {"model": "contenttypes.contenttype", "pk": 6, "fields": {"app_label": "sessions", "model": "session"}}, {"model": "contenttypes.contenttype", "pk": 7, "fields": {"app_label": "accounts", "model": "labadmin"}}, {"model": "contenttypes.contenttype", "pk": 8, "fields": {"app_label": "accounts", "model": "labworker"}}, {"model": "contenttypes.contenttype", "pk": 9, "fields": {"app_label": "accounts", "model": "client"}}, {"model": "contenttypes.contenttype", "pk": 10, "fields": {"app_label": "laboratory", "model": "inventoryitem"}}, {"model": "contenttypes.contenttype", "pk": 11, "fields": {"app_label": "laboratory", "model": "instrument"}}, {"model": "contenttypes.contenttype", "pk": 12, "fields": {"app_label": "laboratory", "model": "testinstrument"}}, {"model": "contenttypes.contenttype", "pk": 13, "fields": {"app_label": "laboratory", "model": "sample"}}, {"model": "contenttypes.contenttype", "pk": 14, "fields": {"app_label": "laboratory", "model": "labsample"}}, {"model": "contenttypes.contenttype", "pk": 15, "fields": {"app_label": "laboratory", "model": "testresult"}}, {"model": "contenttypes.contenttype", "pk": 16, "fields": {"app_label": "laboratory", "model": "testsample"}}, {"model": "contenttypes.contenttype", "pk": 17, "fields": {"app_label": "laboratory", "model": "location"}}, {"model": "contenttypes.contenttype", "pk": 18, "fields": {"app_label": "laboratory", "model": "test"}}, {"model": "contenttypes.contenttype", "pk": 19, "fields": {"app_label": "orders", "model": "testpackage"}}, {"model": "contenttypes.contenttype", "pk": 20, "fields": {"app_label": "orders", "model": "ordersample"}}, {"model": "contenttypes.contenttype", "pk": 21, "fields": {"app_label": "orders", "model": "ordertest"}}, {"model": "contenttypes.contenttype", "pk": 22, "fields": {"app_label": "orders", "model": "package"}}, {"model": "contenttypes.contenttype", "pk": 23, "fields": {"app_label": "orders", "model": "order"}}, {"model": "contenttypes.contenttype", "pk": 24, "fields": {"app_label": "training", "model": "trainingschedule"}}, {"model": "contenttypes.contenttype", "pk": 25, "fields": {"app_label": "training", "model": "trainingattendence"}}, {"model": "contenttypes.contenttype", "pk": 26, "fields": {"app_label": "training", "model": "training"}}, {"model": "contenttypes.contenttype", "pk": 27, "fields": {"app_label": "laboratoryOrders", "model": "testpackage"}}, {"model": "contenttypes.contenttype", "pk": 28, "fields": {"app_label": "laboratoryOrders", "model": "testresult"}}, {"model": "contenttypes.contenttype", "pk": 29, "fields": {"app_label": "laboratoryOrders", "model": "labsample"}}, {"model": "contenttypes.contenttype", "pk": 30, "fields": {"app_label": "laboratoryOrders", "model": "ordersample"}}, {"model": "contenttypes.contenttype", "pk": 31, "fields": {"app_label": "laboratoryOrders", "model": "testsample"}}, {"model": "contenttypes.contenttype", "pk": 32, "fields": {"app_label": "laboratoryOrders", "model": "ordertest"}}, {"model": "contenttypes.contenttype", "pk": 33, "fields": {"app_label": "laboratoryOrders", "model": "sample"}}, {"model": "sessions.session", "pk": "2f3lidmf2qtdgrrnf46m8xo1t6szeek8", "fields": {"session_data": ".eJxVjEEOwiAQRe_C2hDKdAp16d4zkIEZpGpoUtqV8e7apAvd_vfef6lA21rC1mQJE6uz6tTpd4uUHlJ3wHeqt1mnua7LFPWu6IM2fZ1ZnpfD_Tso1Mq39n4A6LMhGcGiyYjcOUyULHhPCANH8TYTRmHi0Qma6Pssliw5sEm9P9m_ODE:1nFJYu:NJrxy1LRYOKNv_VXHybOFhqe-J_g_u1-thfrMJXaLKA", "expire_date": "2022-02-16T17:36:56.607Z"}}, {"model": "sessions.session", "pk": "7qiu1l5tjjip3ctb2u6yx7zasb6frh0d", "fields": {"session_data": ".eJxVjDsOwjAQBe_iGlneJP5R0ucM1np3jQMokfKpEHcnkVJA-2bmvVXCba1pW2ROA6urAlCX3zEjPWU8CD9wvE-apnGdh6wPRZ900f3E8rqd7t9BxaXutS3WhQ6dtNEbaIOJvpimY2N9zBKKJ2nQGWDGBjIhUEsoYCOT7EZRny_vmzhj:1nCYEx:1ApLdFBwH6RsFcyreQ-Mvp4xjj1wSruddRC_SIoBqsk", "expire_date": "2022-02-09T02:40:55.583Z"}}, {"model": "sessions.session", "pk": "a3oz28ali83pctcak7lgo1imido3ya8m", "fields": {"session_data": ".eJxVjMsOwiAQRf-FtSEDlJdL934DgWGQqoGktCvjv2uTLnR7zzn3xULc1hq2QUuYMzszz06_W4r4oLaDfI_t1jn2ti5z4rvCDzr4tWd6Xg7376DGUb-1lYa0Uc5hhJRQAglHEScLGbWyBrIHlUhoUNJhEThl0uSLRkqWimfvD-WuOGk:1nA15F:xzHko2YmjZK6Cq-mTYMlsQeR6Qp61ROokoB2KVQCXto", "expire_date": "2022-02-02T02:52:25.802Z"}}, {"model": "sessions.session", "pk": "csx7o8slnpz10zf02wit3bi9cpmx85za", "fields": {"session_data": ".eJxVjDsOwjAQBe_iGlneJP5R0ucM1np3jQMokfKpEHcnkVJA-2bmvVXCba1pW2ROA6urAlCX3zEjPWU8CD9wvE-apnGdh6wPRZ900f3E8rqd7t9BxaXutS3WhQ6dtNEbaIOJvpimY2N9zBKKJ2nQGWDGBjIhUEsoYCOT7EZRny_vmzhj:1mp2cx:LheW4sfzHJolwaPCoVtNv78C_hhhXgi7iC_ZMlRjYgY", "expire_date": "2021-12-06T06:16:31.155Z"}}, {"model": "sessions.session", "pk": "di1q2iuqgbvp40hbekyvy8ggmblk5ouf", "fields": {"session_data": ".eJxVjMsOwiAQRf-FtSEgb5fu-w0EZgapGkhKuzL-uzbpQrf3nHNfLKZtrXEbtMQZ2YVJdvrdcoIHtR3gPbVb59DbusyZ7wo_6OBTR3peD_fvoKZRv_W5aFCE3gfvrBdBoJUQikeHHjQZsEYLRFsUgjOgg3JFUrJFo8Ccgb0_5Gc4hg:1misWP:g5EazLeO6RlxdfRU43uIA_Eyw4q_BFxxWZmw9NzmgiU", "expire_date": "2021-11-19T06:16:17.789Z"}}, {"model": "sessions.session", "pk": "jkycjjm5qusnkmbz7cjh82vmtgrcuvut", "fields": {"session_data": ".eJxVjDEOwyAQBP9CHSGDDdylTO83IOCO4CTCkrGrKH-PLblIim12ZvctfNjW4rfGi59IXIUSl98uhvTkegB6hHqfZZrrukxRHoo8aZPjTPy6ne7fQQmt7GtAq5Gt0xQJIHNn0GjHTgXqI4YOMzBwb_OQUSW9J4FhjAPbzJii-HwB4Tw4aw:1mlfBe:zvgfpND-SzdfWTuyjuJ8XJWzQTsgu4bKo8VIJC5xKQQ", "expire_date": "2021-11-26T22:38:22.380Z"}}, {"model": "sessions.session", "pk": "kr7s76ejnc6zxa9rt523a1e6fbdwuwnb", "fields": {"session_data": ".eJxVjMsOwiAQRf-FtSEgb5fu-w0EZgapGkhKuzL-uzbpQrf3nHNfLKZtrXEbtMQZ2YVJdvrdcoIHtR3gPbVb59DbusyZ7wo_6OBTR3peD_fvoKZRv_W5aFCE3gfvrBdBoJUQikeHHjQZsEYLRFsUgjOgg3JFUrJFo8Ccgb0_5Gc4hg:1nAQmU:Cc0MSaswM0QK8MmIrhqW1Tf8ol_4PIlnI0s_cYIeLp0", "expire_date": "2022-02-03T06:18:46.652Z"}}, {"model": "sessions.session", "pk": "whde4hnzx8kx7on0w2dbwqsacj5zcrb2", "fields": {"session_data": ".eJxVjEEOwiAQRe_C2pAOFAou3XsGMsyAVA0kpV0Z765NutDtf-_9lwi4rSVsPS1hZnEWAOL0O0akR6o74TvWW5PU6rrMUe6KPGiX18bpeTncv4OCvXxr57zyCYBA8WQckdGGUWt2hh1QhtFGNeTJaFYwGg8YfcxolUUeEnnx_gDuUjfT:1nFoG1:-uAYzSAsza3cWJ4Ept78MnNb7Mcn33ykz4qCMxcY-5w", "expire_date": "2022-02-18T02:23:29.973Z"}}, {"model": "sessions.session", "pk": "wwlz288lc649j1dig5t81l88hphf4gyl", "fields": {"session_data": ".eJxVjEEOwiAQRe_C2pAOFAou3XsGMsyAVA0kpV0Z765NutDtf-_9lwi4rSVsPS1hZnEWAOL0O0akR6o74TvWW5PU6rrMUe6KPGiX18bpeTncv4OCvXxr57zyCYBA8WQckdGGUWt2hh1QhtFGNeTJaFYwGg8YfcxolUUeEnnx_gDuUjfT:1nFn2y:RWUGSf3psPc1p1DBdJ-xaGAFMNtM6zzujczz36pQ4Ek", "expire_date": "2022-02-18T01:05:56.679Z"}}, {"model": "accounts.client", "pk": 1, "fields": {"company_name": "Microsoft", "contact_person": "Bill Gates", "phone_number": "8426358974", "address": "1 Microsoft Drive", "account_number": 4, "user": 6}}, {"model": "accounts.client", "pk": 2, "fields": {"company_name": "Amazon", "contact_person": "Jeff Bezos", "phone_number": "6666666666", "address": "1 Amazon Drive", "account_number": 2, "user": 7}}, {"model": "accounts.client", "pk": 3, "fields": {"company_name": "Adventure Capitalist", "contact_person": "Scrooge McDuck", "phone_number": "2505551234", "address": "123 Disney Way", "account_number": 1, "user": 3}}, {"model": "accounts.client", "pk": 4, "fields": {"company_name": "Animaniacs", "contact_person": "The Brain", "phone_number": "2505551234", "address": "1234 Warner Brothers Road", "account_number": 0, "user": 11}}, {"model": "accounts.labworker", "pk": 1, "fields": {"job_title": "Laboratory Technician", "user": 8}}, {"model": "accounts.labworker", "pk": 2, "fields": {"job_title": "Laboratory Assistant", "user": 9}}, {"model": "accounts.labadmin", "pk": 1, "fields": {"job_title": "Laboratory Manager", "user": 4}}, {"model": "accounts.labadmin", "pk": 2, "fields": {"job_title": "Laboratory Director", "user": 5}}, {"model": "accounts.labadmin", "pk": 3, "fields": {"job_title": "Head Of Testing", "user": 10}}, {"model": "laboratory.location", "pk": 1, "fields": {"name": "Microbiology Lab", "code": "M"}}, {"model": "laboratory.location", "pk": 2, "fields": {"name": "Analytical Lab", "code": "A"}}, {"model": "laboratory.instrument", "pk": 1, "fields": {"type": "Microscope", "location": 1}}, {"model": "laboratory.instrument", "pk": 2, "fields": {"type": "Centrifuge", "location": 1}}, {"model": "laboratory.instrument", "pk": 3, "fields": {"type": "PCR Machine", "location": 2}}, {"model": "laboratory.test", "pk": 1, "fields": {"name": "Soil Quality Test", "sample_type": "Environmental", "code": "1A1A", "cost": 0.0, "rush": false, "time_taken": 0}}, {"model": "laboratory.test", "pk": 2, "fields": {"name": "Trace Metal Detection", "sample_type": "Medical", "code": "F7EI", "cost": 0.0, "rush": false, "time_taken": 0}}, {"model": "laboratory.test", "pk": 3, "fields": {"name": "Iron Level Test", "sample_type": "Medical", "code": "FeLevels", "cost": 0.0, "rush": false, "time_taken": 0}}, {"model": "laboratory.test", "pk": 4, "fields": {"name": "Blood Type", "sample_type": "Medical", "code": "bloodtype", "cost": 0.0, "rush": false, "time_taken": 0}}, {"model": "laboratory.test", "pk": 5, "fields": {"name": "Thyroid Panel", "sample_type": "Medical", "code": "thyroid-panel", "cost": 0.0, "rush": false, "time_taken": 0}}, {"model": "laboratory.testinstrument", "pk": 1, "fields": {"test_id": 1, "instrument": 1}}, {"model": "laboratory.inventoryitem", "pk": 1, "fields": {"type": "Test Tubes", "status": "Received", "estimated_quantity": 0, "quantity_unit": "10", "usage_rate": 0, "usage_rate_unit": "5", "estimated_need": 0}}, {"model": "laboratory.inventoryitem", "pk": 2, "fields": {"type": "Cotton Swabs", "status": "shipping", "estimated_quantity": 0, "quantity_unit": "100", "usage_rate": 0, "usage_rate_unit": "3", "estimated_need": 0}}, {"model": "orders.package", "pk": 1, "fields": {"name": "Returned Soil Sample"}}, {"model": "orders.package", "pk": 2, "fields": {"name": "Blood Work Up"}}, {"model": "orders.order", "pk": 1, "fields": {"order_number": 2, "account_number": 1, "submission_date": "2021-11-22"}}, {"model": "orders.order", "pk": 2, "fields": {"order_number": 1, "account_number": 4, "submission_date": "2021-11-22"}}, {"model": "orders.order", "pk": 3, "fields": {"order_number": 0, "account_number": 4, "submission_date": "2021-11-22"}}]